0,1,2,3
image_3172_A.jpg,image_3172_A_wbl2_r50_99.png,image_3172_B.jpg,True
image_3023_A.jpg,image_3023_A_wbl2_r50_59.png,image_3023_B.jpg,True
image_702_A.jpg,image_702_A_wbl2_r50_75.png,image_702_B.jpg,True
image_4489_A.jpg,image_4489_A_wbl2_r50_49.png,image_4489_B.jpg,True
image_4436_A.jpg,image_4436_A_wbl2_r50_97.png,image_4436_B.jpg,True
image_2447_A.jpg,image_2447_A_wbl2_r50_55.png,image_2447_B.jpg,True
image_1894_A.jpg,image_1894_A_wbl2_r50_49.png,image_1894_B.jpg,True
image_69_A.jpg,image_69_A_wbl2_r50_83.png,image_69_B.jpg,True
image_3861_A.jpg,image_3861_A_wbl2_r50_43.png,image_3861_B.jpg,True
image_4853_A.jpg,image_4853_A_wbl2_r50_41.png,image_4853_B.jpg,True
image_4881_A.jpg,image_4881_A_wbl2_r50_73.png,image_4881_B.jpg,True
image_1212_A.jpg,image_1212_A_wbl2_r50_91.png,image_1212_B.jpg,True
image_839_A.jpg,image_839_A_wbl2_r50_57.png,image_839_B.jpg,True
image_164_A.jpg,image_164_A_wbl2_r50_99.png,image_164_B.jpg,True
image_705_A.jpg,image_705_A_wbl2_r50_77.png,image_705_B.jpg,True
image_2498_A.jpg,image_2498_A_wbl2_r50_87.png,image_2498_B.jpg,True
image_3741_A.jpg,image_3741_A_wbl2_r50_87.png,image_3741_B.jpg,True
image_4448_A.jpg,image_4448_A_wbl2_r50_53.png,image_4448_B.jpg,True
image_4244_A.jpg,image_4244_A_wbl2_r50_93.png,image_4244_B.jpg,True
image_5632_A.jpg,image_5632_A_wbl2_r50_71.png,image_5632_B.jpg,True
image_3824_A.jpg,image_3824_A_wbl2_r50_71.png,image_3824_B.jpg,True
image_4266_A.jpg,image_4266_A_wbl2_r50_77.png,image_4266_B.jpg,True
image_3279_A.jpg,image_3279_A_wbl2_r50_51.png,image_3279_B.jpg,True
image_1870_A.jpg,image_1870_A_wbl2_r50_57.png,image_1870_B.jpg,True
image_611_A.jpg,image_611_A_wbl2_r50_41.png,image_611_B.jpg,True
image_3221_A.jpg,image_3221_A_wbl2_r50_73.png,image_3221_B.jpg,True
image_1983_A.jpg,image_1983_A_wbl2_r50_89.png,image_1983_B.jpg,True
image_5653_A.jpg,image_5653_A_wbl2_r50_67.png,image_5653_B.jpg,True
image_3806_A.jpg,image_3806_A_wbl2_r50_49.png,image_3806_B.jpg,True
image_4824_A.jpg,image_4824_A_wbl2_r50_93.png,image_4824_B.jpg,True
image_4248_A.jpg,image_4248_A_wbl2_r50_51.png,image_4248_B.jpg,True
image_3058_A.jpg,image_3058_A_wbl2_r50_95.png,image_3058_B.jpg,True
image_1924_A.jpg,image_1924_A_wbl2_r50_87.png,image_1924_B.jpg,True
image_83_A.jpg,image_83_A_wbl2_r50_97.png,image_83_B.jpg,True
image_3188_A.jpg,image_3188_A_wbl2_r50_93.png,image_3188_B.jpg,True
image_776_A.jpg,image_776_A_wbl2_r50_93.png,image_776_B.jpg,True
image_3615_A.jpg,image_3615_A_wbl2_r50_95.png,image_3615_B.jpg,True
image_1368_A.jpg,image_1368_A_wbl2_r50_63.png,image_1368_B.jpg,True
image_5585_A.jpg,image_5585_A_wbl2_r50_41.png,image_5585_B.jpg,True
image_3696_A.jpg,image_3696_A_wbl2_r50_71.png,image_3696_B.jpg,True
image_2631_A.jpg,image_2631_A_wbl2_r50_99.png,image_2631_B.jpg,True
image_30_A.jpg,image_30_A_wbl2_r50_107.png,image_30_B.jpg,True
image_3021_A.jpg,image_3021_A_wbl2_r50_69.png,image_3021_B.jpg,True
image_3081_A.jpg,image_3081_A_wbl2_r50_77.png,image_3081_B.jpg,True
image_1956_A.jpg,image_1956_A_wbl2_r50_45.png,image_1956_B.jpg,True
image_142_A.jpg,image_142_A_wbl2_r50_63.png,image_142_B.jpg,True
image_5597_A.jpg,image_5597_A_wbl2_r50_93.png,image_5597_B.jpg,True
image_2542_A.jpg,image_2542_A_wbl2_r50_89.png,image_2542_B.jpg,True
image_4465_A.jpg,image_4465_A_wbl2_r50_53.png,image_4465_B.jpg,True
image_4431_A.jpg,image_4431_A_wbl2_r50_55.png,image_4431_B.jpg,True
image_5668_A.jpg,image_5668_A_wbl2_r50_61.png,image_5668_B.jpg,True
image_4873_A.jpg,image_4873_A_wbl2_r50_93.png,image_4873_B.jpg,True
image_1258_A.jpg,image_1258_A_wbl2_r50_95.png,image_1258_B.jpg,True
image_11_A.jpg,image_11_A_wbl2_r50_1815.png,image_11_B.jpg,True
image_5683_A.jpg,image_5683_A_wbl2_r50_75.png,image_5683_B.jpg,True
image_3036_A.jpg,image_3036_A_wbl2_r50_87.png,image_3036_B.jpg,True
image_3214_A.jpg,image_3214_A_wbl2_r50_39.png,image_3214_B.jpg,True
image_2037_A.jpg,image_2037_A_wbl2_r50_37.png,image_2037_B.jpg,True
image_2043_A.jpg,image_2043_A_wbl2_r50_47.png,image_2043_B.jpg,True
image_2675_A.jpg,image_2675_A_wbl2_r50_97.png,image_2675_B.jpg,True
image_2092_A.jpg,image_2092_A_wbl2_r50_83.png,image_2092_B.jpg,True
image_5439_A.jpg,image_5439_A_wbl2_r50_71.png,image_5439_B.jpg,True
image_1356_A.jpg,image_1356_A_wbl2_r50_83.png,image_1356_B.jpg,True
image_2400_A.jpg,image_2400_A_wbl2_r50_63.png,image_2400_B.jpg,True
image_1969_A.jpg,image_1969_A_wbl2_r50_91.png,image_1969_B.jpg,True
image_4981_A.jpg,image_4981_A_wbl2_r50_47.png,image_4981_B.jpg,True
image_194_A.jpg,image_194_A_wbl2_r50_53.png,image_194_B.jpg,True
image_810_A.jpg,image_810_A_wbl2_r50_99.png,image_810_B.jpg,True
image_829_A.jpg,image_829_A_wbl2_r50_89.png,image_829_B.jpg,True
image_1293_A.jpg,image_1293_A_wbl2_r50_43.png,image_1293_B.jpg,True
image_3883_A.jpg,image_3883_A_wbl2_r50_77.png,image_3883_B.jpg,True
image_1410_A.jpg,image_1410_A_wbl2_r50_93.png,image_1410_B.jpg,True
image_2423_A.jpg,image_2423_A_wbl2_r50_91.png,image_2423_B.jpg,True
image_5061_A.jpg,image_5061_A_wbl2_r50_87.png,image_5061_B.jpg,True
image_5689_A.jpg,image_5689_A_wbl2_r50_57.png,image_5689_B.jpg,True
image_2664_A.jpg,image_2664_A_wbl2_r50_97.png,image_2664_B.jpg,True
image_822_A.jpg,image_822_A_wbl2_r50_97.png,image_822_B.jpg,True
image_1974_A.jpg,image_1974_A_wbl2_r50_71.png,image_1974_B.jpg,True
image_1265_A.jpg,image_1265_A_wbl2_r50_53.png,image_1265_B.jpg,True
image_3182_A.jpg,image_3182_A_wbl2_r50_35.png,image_3182_B.jpg,True
image_1473_A.jpg,image_1473_A_wbl2_r50_93.png,image_1473_B.jpg,True
image_1284_A.jpg,image_1284_A_wbl2_r50_75.png,image_1284_B.jpg,True
image_1859_A.jpg,image_1859_A_wbl2_r50_99.png,image_1859_B.jpg,True
image_607_A.jpg,image_607_A_wbl2_r50_65.png,image_607_B.jpg,True
image_4360_A.jpg,image_4360_A_wbl2_r50_95.png,image_4360_B.jpg,True
image_736_A.jpg,image_736_A_wbl2_r50_65.png,image_736_B.jpg,True
image_1436_A.jpg,image_1436_A_wbl2_r50_51.png,image_1436_B.jpg,True
image_5438_A.jpg,image_5438_A_wbl2_r50_99.png,image_5438_B.jpg,True
image_1279_A.jpg,image_1279_A_wbl2_r50_59.png,image_1279_B.jpg,True
image_4205_A.jpg,image_4205_A_wbl2_r50_49.png,image_4205_B.jpg,True
image_5646_A.jpg,image_5646_A_wbl2_r50_87.png,image_5646_B.jpg,True
image_3000_A.jpg,image_3000_A_wbl2_r50_93.png,image_3000_B.jpg,True
image_2090_A.jpg,image_2090_A_wbl2_r50_99.png,image_2090_B.jpg,True
image_2417_A.jpg,image_2417_A_wbl2_r50_81.png,image_2417_B.jpg,True
image_869_A.jpg,image_869_A_wbl2_r50_71.png,image_869_B.jpg,True
image_1914_A.jpg,image_1914_A_wbl2_r50_99.png,image_1914_B.jpg,True
image_3619_A.jpg,image_3619_A_wbl2_r50_89.png,image_3619_B.jpg,True
image_1801_A.jpg,image_1801_A_wbl2_r50_73.png,image_1801_B.jpg,True
image_1475_A.jpg,image_1475_A_wbl2_r50_99.png,image_1475_B.jpg,True
image_3227_A.jpg,image_3227_A_wbl2_r50_91.png,image_3227_B.jpg,True
image_1876_A.jpg,image_1876_A_wbl2_r50_93.png,image_1876_B.jpg,True
image_825_A.jpg,image_825_A_wbl2_r50_99.png,image_825_B.jpg,True
image_1891_A.jpg,image_1891_A_wbl2_r50_59.png,image_1891_B.jpg,True
image_5050_A.jpg,image_5050_A_wbl2_r50_77.png,image_5050_B.jpg,True
image_852_A.jpg,image_852_A_wbl2_r50_47.png,image_852_B.jpg,True
image_3099_A.jpg,image_3099_A_wbl2_r50_99.png,image_3099_B.jpg,True
image_4963_A.jpg,image_4963_A_wbl2_r50_65.png,image_4963_B.jpg,True
image_1201_A.jpg,image_1201_A_wbl2_r50_97.png,image_1201_B.jpg,True
image_4870_A.jpg,image_4870_A_wbl2_r50_81.png,image_4870_B.jpg,True
image_1896_A.jpg,image_1896_A_wbl2_r50_99.png,image_1896_B.jpg,True
image_2045_A.jpg,image_2045_A_wbl2_r50_93.png,image_2045_B.jpg,True
image_788_A.jpg,image_788_A_wbl2_r50_95.png,image_788_B.jpg,True
image_3815_A.jpg,image_3815_A_wbl2_r50_85.png,image_3815_B.jpg,True
image_3604_A.jpg,image_3604_A_wbl2_r50_95.png,image_3604_B.jpg,True
image_39_A.jpg,image_39_A_wbl2_r50_363.png,image_39_B.jpg,True
image_3223_A.jpg,image_3223_A_wbl2_r50_51.png,image_3223_B.jpg,True
image_2669_A.jpg,image_2669_A_wbl2_r50_99.png,image_2669_B.jpg,True
image_2086_A.jpg,image_2086_A_wbl2_r50_99.png,image_2086_B.jpg,True
image_4898_A.jpg,image_4898_A_wbl2_r50_89.png,image_4898_B.jpg,True
image_2638_A.jpg,image_2638_A_wbl2_r50_61.png,image_2638_B.jpg,True
image_1384_A.jpg,image_1384_A_wbl2_r50_53.png,image_1384_B.jpg,True
image_4969_A.jpg,image_4969_A_wbl2_r50_45.png,image_4969_B.jpg,True
image_2630_A.jpg,image_2630_A_wbl2_r50_97.png,image_2630_B.jpg,True
image_1912_A.jpg,image_1912_A_wbl2_r50_93.png,image_1912_B.jpg,True
image_4297_A.jpg,image_4297_A_wbl2_r50_97.png,image_4297_B.jpg,True
image_1803_A.jpg,image_1803_A_wbl2_r50_49.png,image_1803_B.jpg,True
image_1366_A.jpg,image_1366_A_wbl2_r50_97.png,image_1366_B.jpg,True
image_269_A.jpg,image_269_A_wbl2_r50_55.png,image_269_B.jpg,True
image_3646_A.jpg,image_3646_A_wbl2_r50_81.png,image_3646_B.jpg,True
image_3084_A.jpg,image_3084_A_wbl2_r50_61.png,image_3084_B.jpg,True
image_2582_A.jpg,image_2582_A_wbl2_r50_97.png,image_2582_B.jpg,True
image_2026_A.jpg,image_2026_A_wbl2_r50_69.png,image_2026_B.jpg,True
image_5402_A.jpg,image_5402_A_wbl2_r50_97.png,image_5402_B.jpg,True
image_5620_A.jpg,image_5620_A_wbl2_r50_63.png,image_5620_B.jpg,True
image_3170_A.jpg,image_3170_A_wbl2_r50_47.png,image_3170_B.jpg,True
image_4398_A.jpg,image_4398_A_wbl2_r50_87.png,image_4398_B.jpg,True
image_2416_A.jpg,image_2416_A_wbl2_r50_77.png,image_2416_B.jpg,True
image_1831_A.jpg,image_1831_A_wbl2_r50_89.png,image_1831_B.jpg,True
image_255_A.jpg,image_255_A_wbl2_r50_99.png,image_255_B.jpg,True
image_3290_A.jpg,image_3290_A_wbl2_r50_41.png,image_3290_B.jpg,True
image_3225_A.jpg,image_3225_A_wbl2_r50_85.png,image_3225_B.jpg,True
image_1325_A.jpg,image_1325_A_wbl2_r50_57.png,image_1325_B.jpg,True
image_1346_A.jpg,image_1346_A_wbl2_r50_97.png,image_1346_B.jpg,True
image_898_A.jpg,image_898_A_wbl2_r50_47.png,image_898_B.jpg,True
image_2641_A.jpg,image_2641_A_wbl2_r50_99.png,image_2641_B.jpg,True
image_1378_A.jpg,image_1378_A_wbl2_r50_49.png,image_1378_B.jpg,True
image_3637_A.jpg,image_3637_A_wbl2_r50_99.png,image_3637_B.jpg,True
image_1230_A.jpg,image_1230_A_wbl2_r50_43.png,image_1230_B.jpg,True
image_1375_A.jpg,image_1375_A_wbl2_r50_49.png,image_1375_B.jpg,True
image_879_A.jpg,image_879_A_wbl2_r50_81.png,image_879_B.jpg,True
image_2511_A.jpg,image_2511_A_wbl2_r50_91.png,image_2511_B.jpg,True
image_4384_A.jpg,image_4384_A_wbl2_r50_65.png,image_4384_B.jpg,True
image_4330_A.jpg,image_4330_A_wbl2_r50_39.png,image_4330_B.jpg,True
image_5533_A.jpg,image_5533_A_wbl2_r50_61.png,image_5533_B.jpg,True
image_5595_A.jpg,image_5595_A_wbl2_r50_97.png,image_5595_B.jpg,True
image_1352_A.jpg,image_1352_A_wbl2_r50_99.png,image_1352_B.jpg,True
image_3818_A.jpg,image_3818_A_wbl2_r50_95.png,image_3818_B.jpg,True
image_4868_A.jpg,image_4868_A_wbl2_r50_91.png,image_4868_B.jpg,True
image_2617_A.jpg,image_2617_A_wbl2_r50_79.png,image_2617_B.jpg,True
image_3276_A.jpg,image_3276_A_wbl2_r50_99.png,image_3276_B.jpg,True
image_740_A.jpg,image_740_A_wbl2_r50_91.png,image_740_B.jpg,True
image_3657_A.jpg,image_3657_A_wbl2_r50_57.png,image_3657_B.jpg,True
image_2665_A.jpg,image_2665_A_wbl2_r50_91.png,image_2665_B.jpg,True
image_4930_A.jpg,image_4930_A_wbl2_r50_49.png,image_4930_B.jpg,True
image_5691_A.jpg,image_5691_A_wbl2_r50_63.png,image_5691_B.jpg,True
image_5673_A.jpg,image_5673_A_wbl2_r50_85.png,image_5673_B.jpg,True
image_13_A.jpg,image_13_A_wbl2_r50_1851.png,image_13_B.jpg,True
image_841_A.jpg,image_841_A_wbl2_r50_99.png,image_841_B.jpg,True
image_3744_A.jpg,image_3744_A_wbl2_r50_81.png,image_3744_B.jpg,True
image_1993_A.jpg,image_1993_A_wbl2_r50_75.png,image_1993_B.jpg,True
image_4936_A.jpg,image_4936_A_wbl2_r50_85.png,image_4936_B.jpg,True
image_5469_A.jpg,image_5469_A_wbl2_r50_99.png,image_5469_B.jpg,True
image_4229_A.jpg,image_4229_A_wbl2_r50_81.png,image_4229_B.jpg,True
image_2605_A.jpg,image_2605_A_wbl2_r50_99.png,image_2605_B.jpg,True
image_1855_A.jpg,image_1855_A_wbl2_r50_73.png,image_1855_B.jpg,True
image_3899_A.jpg,image_3899_A_wbl2_r50_33.png,image_3899_B.jpg,True
image_3055_A.jpg,image_3055_A_wbl2_r50_99.png,image_3055_B.jpg,True
image_1957_A.jpg,image_1957_A_wbl2_r50_95.png,image_1957_B.jpg,True
image_7_A.jpg,image_7_A_wbl2_r50_667.png,image_7_B.jpg,True
image_190_A.jpg,image_190_A_wbl2_r50_89.png,image_190_B.jpg,True
image_4343_A.jpg,image_4343_A_wbl2_r50_99.png,image_4343_B.jpg,True
image_1995_A.jpg,image_1995_A_wbl2_r50_91.png,image_1995_B.jpg,True
image_4288_A.jpg,image_4288_A_wbl2_r50_47.png,image_4288_B.jpg,True
image_2647_A.jpg,image_2647_A_wbl2_r50_87.png,image_2647_B.jpg,True
image_774_A.jpg,image_774_A_wbl2_r50_69.png,image_774_B.jpg,True
image_1278_A.jpg,image_1278_A_wbl2_r50_85.png,image_1278_B.jpg,True
image_5409_A.jpg,image_5409_A_wbl2_r50_95.png,image_5409_B.jpg,True
image_5680_A.jpg,image_5680_A_wbl2_r50_99.png,image_5680_B.jpg,True
image_2073_A.jpg,image_2073_A_wbl2_r50_47.png,image_2073_B.jpg,True
image_1888_A.jpg,image_1888_A_wbl2_r50_67.png,image_1888_B.jpg,True
image_118_A.jpg,image_118_A_wbl2_r50_93.png,image_118_B.jpg,True
image_1367_A.jpg,image_1367_A_wbl2_r50_99.png,image_1367_B.jpg,True
image_2002_A.jpg,image_2002_A_wbl2_r50_95.png,image_2002_B.jpg,True
image_1424_A.jpg,image_1424_A_wbl2_r50_51.png,image_1424_B.jpg,True
image_247_A.jpg,image_247_A_wbl2_r50_63.png,image_247_B.jpg,True
image_5421_A.jpg,image_5421_A_wbl2_r50_95.png,image_5421_B.jpg,True
image_1343_A.jpg,image_1343_A_wbl2_r50_49.png,image_1343_B.jpg,True
image_4230_A.jpg,image_4230_A_wbl2_r50_81.png,image_4230_B.jpg,True
image_2528_A.jpg,image_2528_A_wbl2_r50_99.png,image_2528_B.jpg,True
image_1810_A.jpg,image_1810_A_wbl2_r50_49.png,image_1810_B.jpg,True
image_4344_A.jpg,image_4344_A_wbl2_r50_99.png,image_4344_B.jpg,True
image_4263_A.jpg,image_4263_A_wbl2_r50_95.png,image_4263_B.jpg,True
image_4818_A.jpg,image_4818_A_wbl2_r50_59.png,image_4818_B.jpg,True
image_62_A.jpg,image_62_A_wbl2_r50_481.png,image_62_B.jpg,True
image_1496_A.jpg,image_1496_A_wbl2_r50_93.png,image_1496_B.jpg,True
image_3692_A.jpg,image_3692_A_wbl2_r50_45.png,image_3692_B.jpg,True
image_717_A.jpg,image_717_A_wbl2_r50_83.png,image_717_B.jpg,True
image_5662_A.jpg,image_5662_A_wbl2_r50_77.png,image_5662_B.jpg,True
image_1822_A.jpg,image_1822_A_wbl2_r50_51.png,image_1822_B.jpg,True
image_4281_A.jpg,image_4281_A_wbl2_r50_63.png,image_4281_B.jpg,True
image_2047_A.jpg,image_2047_A_wbl2_r50_61.png,image_2047_B.jpg,True
image_3740_A.jpg,image_3740_A_wbl2_r50_35.png,image_3740_B.jpg,True
image_3030_A.jpg,image_3030_A_wbl2_r50_83.png,image_3030_B.jpg,True
image_148_A.jpg,image_148_A_wbl2_r50_93.png,image_148_B.jpg,True
image_1226_A.jpg,image_1226_A_wbl2_r50_99.png,image_1226_B.jpg,True
image_5589_A.jpg,image_5589_A_wbl2_r50_93.png,image_5589_B.jpg,True
image_4452_A.jpg,image_4452_A_wbl2_r50_99.png,image_4452_B.jpg,True
image_5506_A.jpg,image_5506_A_wbl2_r50_81.png,image_5506_B.jpg,True
image_3070_A.jpg,image_3070_A_wbl2_r50_93.png,image_3070_B.jpg,True
image_5558_A.jpg,image_5558_A_wbl2_r50_57.png,image_5558_B.jpg,True
image_2584_A.jpg,image_2584_A_wbl2_r50_85.png,image_2584_B.jpg,True
image_2580_A.jpg,image_2580_A_wbl2_r50_93.png,image_2580_B.jpg,True
image_4915_A.jpg,image_4915_A_wbl2_r50_45.png,image_4915_B.jpg,True
image_3270_A.jpg,image_3270_A_wbl2_r50_73.png,image_3270_B.jpg,True
image_2421_A.jpg,image_2421_A_wbl2_r50_89.png,image_2421_B.jpg,True
image_2555_A.jpg,image_2555_A_wbl2_r50_51.png,image_2555_B.jpg,True
image_1454_A.jpg,image_1454_A_wbl2_r50_87.png,image_1454_B.jpg,True
image_1334_A.jpg,image_1334_A_wbl2_r50_41.png,image_1334_B.jpg,True
image_3216_A.jpg,image_3216_A_wbl2_r50_95.png,image_3216_B.jpg,True
image_2695_A.jpg,image_2695_A_wbl2_r50_79.png,image_2695_B.jpg,True
image_4416_A.jpg,image_4416_A_wbl2_r50_77.png,image_4416_B.jpg,True
image_223_A.jpg,image_223_A_wbl2_r50_65.png,image_223_B.jpg,True
image_1951_A.jpg,image_1951_A_wbl2_r50_99.png,image_1951_B.jpg,True
image_1316_A.jpg,image_1316_A_wbl2_r50_99.png,image_1316_B.jpg,True
image_3140_A.jpg,image_3140_A_wbl2_r50_53.png,image_3140_B.jpg,True
image_1866_A.jpg,image_1866_A_wbl2_r50_51.png,image_1866_B.jpg,True
image_1812_A.jpg,image_1812_A_wbl2_r50_79.png,image_1812_B.jpg,True
image_847_A.jpg,image_847_A_wbl2_r50_77.png,image_847_B.jpg,True
image_188_A.jpg,image_188_A_wbl2_r50_53.png,image_188_B.jpg,True
image_4901_A.jpg,image_4901_A_wbl2_r50_85.png,image_4901_B.jpg,True
image_1228_A.jpg,image_1228_A_wbl2_r50_57.png,image_1228_B.jpg,True
image_631_A.jpg,image_631_A_wbl2_r50_81.png,image_631_B.jpg,True
image_4389_A.jpg,image_4389_A_wbl2_r50_93.png,image_4389_B.jpg,True
image_4210_A.jpg,image_4210_A_wbl2_r50_87.png,image_4210_B.jpg,True
image_4315_A.jpg,image_4315_A_wbl2_r50_71.png,image_4315_B.jpg,True
image_24_A.jpg,image_24_A_wbl2_r50_43.png,image_24_B.jpg,True
image_2028_A.jpg,image_2028_A_wbl2_r50_93.png,image_2028_B.jpg,True
image_767_A.jpg,image_767_A_wbl2_r50_71.png,image_767_B.jpg,True
image_5434_A.jpg,image_5434_A_wbl2_r50_97.png,image_5434_B.jpg,True
image_700_A.jpg,image_700_A_wbl2_r50_93.png,image_700_B.jpg,True
image_1397_A.jpg,image_1397_A_wbl2_r50_63.png,image_1397_B.jpg,True
image_601_A.jpg,image_601_A_wbl2_r50_67.png,image_601_B.jpg,True
image_1324_A.jpg,image_1324_A_wbl2_r50_57.png,image_1324_B.jpg,True
image_3123_A.jpg,image_3123_A_wbl2_r50_49.png,image_3123_B.jpg,True
image_4235_A.jpg,image_4235_A_wbl2_r50_85.png,image_4235_B.jpg,True
image_2502_A.jpg,image_2502_A_wbl2_r50_57.png,image_2502_B.jpg,True
image_4410_A.jpg,image_4410_A_wbl2_r50_87.png,image_4410_B.jpg,True
image_3820_A.jpg,image_3820_A_wbl2_r50_97.png,image_3820_B.jpg,True
image_4935_A.jpg,image_4935_A_wbl2_r50_99.png,image_4935_B.jpg,True
image_1245_A.jpg,image_1245_A_wbl2_r50_59.png,image_1245_B.jpg,True
image_4473_A.jpg,image_4473_A_wbl2_r50_53.png,image_4473_B.jpg,True
image_5423_A.jpg,image_5423_A_wbl2_r50_65.png,image_5423_B.jpg,True
image_1850_A.jpg,image_1850_A_wbl2_r50_45.png,image_1850_B.jpg,True
image_2451_A.jpg,image_2451_A_wbl2_r50_43.png,image_2451_B.jpg,True
image_3194_A.jpg,image_3194_A_wbl2_r50_91.png,image_3194_B.jpg,True
image_5636_A.jpg,image_5636_A_wbl2_r50_99.png,image_5636_B.jpg,True
image_5605_A.jpg,image_5605_A_wbl2_r50_69.png,image_5605_B.jpg,True
image_5613_A.jpg,image_5613_A_wbl2_r50_99.png,image_5613_B.jpg,True
image_803_A.jpg,image_803_A_wbl2_r50_97.png,image_803_B.jpg,True
image_58_A.jpg,image_58_A_wbl2_r50_1717.png,image_58_B.jpg,True
image_743_A.jpg,image_743_A_wbl2_r50_99.png,image_743_B.jpg,True
image_635_A.jpg,image_635_A_wbl2_r50_63.png,image_635_B.jpg,True
image_3136_A.jpg,image_3136_A_wbl2_r50_91.png,image_3136_B.jpg,True
image_3101_A.jpg,image_3101_A_wbl2_r50_67.png,image_3101_B.jpg,True
image_61_A.jpg,image_61_A_wbl2_r50_1954.png,image_61_B.jpg,True
image_2565_A.jpg,image_2565_A_wbl2_r50_93.png,image_2565_B.jpg,True
image_2535_A.jpg,image_2535_A_wbl2_r50_81.png,image_2535_B.jpg,True
image_4207_A.jpg,image_4207_A_wbl2_r50_93.png,image_4207_B.jpg,True
image_2477_A.jpg,image_2477_A_wbl2_r50_53.png,image_2477_B.jpg,True
image_5477_A.jpg,image_5477_A_wbl2_r50_99.png,image_5477_B.jpg,True
image_3821_A.jpg,image_3821_A_wbl2_r50_37.png,image_3821_B.jpg,True
image_3127_A.jpg,image_3127_A_wbl2_r50_97.png,image_3127_B.jpg,True
image_4296_A.jpg,image_4296_A_wbl2_r50_61.png,image_4296_B.jpg,True
image_5644_A.jpg,image_5644_A_wbl2_r50_49.png,image_5644_B.jpg,True
image_754_A.jpg,image_754_A_wbl2_r50_49.png,image_754_B.jpg,True
image_793_A.jpg,image_793_A_wbl2_r50_81.png,image_793_B.jpg,True
image_3074_A.jpg,image_3074_A_wbl2_r50_91.png,image_3074_B.jpg,True
image_3778_A.jpg,image_3778_A_wbl2_r50_55.png,image_3778_B.jpg,True
image_2687_A.jpg,image_2687_A_wbl2_r50_43.png,image_2687_B.jpg,True
image_2482_A.jpg,image_2482_A_wbl2_r50_91.png,image_2482_B.jpg,True
image_1483_A.jpg,image_1483_A_wbl2_r50_99.png,image_1483_B.jpg,True
image_70_A.jpg,image_70_A_wbl2_r50_71.png,image_70_B.jpg,True
image_5516_A.jpg,image_5516_A_wbl2_r50_43.png,image_5516_B.jpg,True
image_1449_A.jpg,image_1449_A_wbl2_r50_85.png,image_1449_B.jpg,True
image_1958_A.jpg,image_1958_A_wbl2_r50_91.png,image_1958_B.jpg,True
image_3713_A.jpg,image_3713_A_wbl2_r50_57.png,image_3713_B.jpg,True
image_4232_A.jpg,image_4232_A_wbl2_r50_95.png,image_4232_B.jpg,True
image_838_A.jpg,image_838_A_wbl2_r50_51.png,image_838_B.jpg,True
image_3627_A.jpg,image_3627_A_wbl2_r50_97.png,image_3627_B.jpg,True
image_4991_A.jpg,image_4991_A_wbl2_r50_79.png,image_4991_B.jpg,True
image_2615_A.jpg,image_2615_A_wbl2_r50_97.png,image_2615_B.jpg,True
image_2019_A.jpg,image_2019_A_wbl2_r50_55.png,image_2019_B.jpg,True
image_181_A.jpg,image_181_A_wbl2_r50_67.png,image_181_B.jpg,True
image_600_A.jpg,image_600_A_wbl2_r50_65.png,image_600_B.jpg,True
image_1963_A.jpg,image_1963_A_wbl2_r50_97.png,image_1963_B.jpg,True
image_667_A.jpg,image_667_A_wbl2_r50_93.png,image_667_B.jpg,True
image_1364_A.jpg,image_1364_A_wbl2_r50_57.png,image_1364_B.jpg,True
image_1259_A.jpg,image_1259_A_wbl2_r50_95.png,image_1259_B.jpg,True
image_1815_A.jpg,image_1815_A_wbl2_r50_63.png,image_1815_B.jpg,True
image_1311_A.jpg,image_1311_A_wbl2_r50_69.png,image_1311_B.jpg,True
image_5412_A.jpg,image_5412_A_wbl2_r50_99.png,image_5412_B.jpg,True
image_1306_A.jpg,image_1306_A_wbl2_r50_81.png,image_1306_B.jpg,True
image_3622_A.jpg,image_3622_A_wbl2_r50_87.png,image_3622_B.jpg,True
image_4258_A.jpg,image_4258_A_wbl2_r50_99.png,image_4258_B.jpg,True
image_1936_A.jpg,image_1936_A_wbl2_r50_91.png,image_1936_B.jpg,True
image_2530_A.jpg,image_2530_A_wbl2_r50_43.png,image_2530_B.jpg,True
image_5059_A.jpg,image_5059_A_wbl2_r50_99.png,image_5059_B.jpg,True
image_2593_A.jpg,image_2593_A_wbl2_r50_57.png,image_2593_B.jpg,True
image_3232_A.jpg,image_3232_A_wbl2_r50_95.png,image_3232_B.jpg,True
image_747_A.jpg,image_747_A_wbl2_r50_85.png,image_747_B.jpg,True
image_5699_A.jpg,image_5699_A_wbl2_r50_43.png,image_5699_B.jpg,True
image_109_A.jpg,image_109_A_wbl2_r50_89.png,image_109_B.jpg,True
image_3764_A.jpg,image_3764_A_wbl2_r50_71.png,image_3764_B.jpg,True
image_3177_A.jpg,image_3177_A_wbl2_r50_99.png,image_3177_B.jpg,True
image_4948_A.jpg,image_4948_A_wbl2_r50_93.png,image_4948_B.jpg,True
image_2463_A.jpg,image_2463_A_wbl2_r50_77.png,image_2463_B.jpg,True
image_4268_A.jpg,image_4268_A_wbl2_r50_93.png,image_4268_B.jpg,True
image_721_A.jpg,image_721_A_wbl2_r50_39.png,image_721_B.jpg,True
image_5072_A.jpg,image_5072_A_wbl2_r50_77.png,image_5072_B.jpg,True
image_779_A.jpg,image_779_A_wbl2_r50_97.png,image_779_B.jpg,True
image_3746_A.jpg,image_3746_A_wbl2_r50_61.png,image_3746_B.jpg,True
image_5490_A.jpg,image_5490_A_wbl2_r50_89.png,image_5490_B.jpg,True
image_3650_A.jpg,image_3650_A_wbl2_r50_69.png,image_3650_B.jpg,True
image_5001_A.jpg,image_5001_A_wbl2_r50_47.png,image_5001_B.jpg,True
image_4880_A.jpg,image_4880_A_wbl2_r50_83.png,image_4880_B.jpg,True
image_1457_A.jpg,image_1457_A_wbl2_r50_83.png,image_1457_B.jpg,True
image_2693_A.jpg,image_2693_A_wbl2_r50_65.png,image_2693_B.jpg,True
image_1489_A.jpg,image_1489_A_wbl2_r50_99.png,image_1489_B.jpg,True
image_2060_A.jpg,image_2060_A_wbl2_r50_47.png,image_2060_B.jpg,True
image_723_A.jpg,image_723_A_wbl2_r50_95.png,image_723_B.jpg,True
image_1854_A.jpg,image_1854_A_wbl2_r50_61.png,image_1854_B.jpg,True
image_1999_A.jpg,image_1999_A_wbl2_r50_69.png,image_1999_B.jpg,True
image_4279_A.jpg,image_4279_A_wbl2_r50_85.png,image_4279_B.jpg,True
image_1849_A.jpg,image_1849_A_wbl2_r50_69.png,image_1849_B.jpg,True
image_2621_A.jpg,image_2621_A_wbl2_r50_65.png,image_2621_B.jpg,True
image_4485_A.jpg,image_4485_A_wbl2_r50_49.png,image_4485_B.jpg,True
image_2674_A.jpg,image_2674_A_wbl2_r50_79.png,image_2674_B.jpg,True
image_1834_A.jpg,image_1834_A_wbl2_r50_93.png,image_1834_B.jpg,True
image_32_A.jpg,image_32_A_wbl2_r50_65.png,image_32_B.jpg,True
image_3080_A.jpg,image_3080_A_wbl2_r50_41.png,image_3080_B.jpg,True
image_2699_A.jpg,image_2699_A_wbl2_r50_93.png,image_2699_B.jpg,True
image_2541_A.jpg,image_2541_A_wbl2_r50_73.png,image_2541_B.jpg,True
image_1255_A.jpg,image_1255_A_wbl2_r50_96.png,image_1255_B.jpg,True
image_1981_A.jpg,image_1981_A_wbl2_r50_63.png,image_1981_B.jpg,True
image_3119_A.jpg,image_3119_A_wbl2_r50_53.png,image_3119_B.jpg,True
image_4839_A.jpg,image_4839_A_wbl2_r50_93.png,image_4839_B.jpg,True
image_5650_A.jpg,image_5650_A_wbl2_r50_57.png,image_5650_B.jpg,True
image_3810_A.jpg,image_3810_A_wbl2_r50_93.png,image_3810_B.jpg,True
image_770_A.jpg,image_770_A_wbl2_r50_99.png,image_770_B.jpg,True
image_3134_A.jpg,image_3134_A_wbl2_r50_65.png,image_3134_B.jpg,True
image_1878_A.jpg,image_1878_A_wbl2_r50_97.png,image_1878_B.jpg,True
image_688_A.jpg,image_688_A_wbl2_r50_53.png,image_688_B.jpg,True
image_49_A.jpg,image_49_A_wbl2_r50_1963.png,image_49_B.jpg,True
image_4257_A.jpg,image_4257_A_wbl2_r50_89.png,image_4257_B.jpg,True
image_3185_A.jpg,image_3185_A_wbl2_r50_95.png,image_3185_B.jpg,True
image_1300_A.jpg,image_1300_A_wbl2_r50_97.png,image_1300_B.jpg,True
image_1907_A.jpg,image_1907_A_wbl2_r50_67.png,image_1907_B.jpg,True
image_1492_A.jpg,image_1492_A_wbl2_r50_97.png,image_1492_B.jpg,True
image_1455_A.jpg,image_1455_A_wbl2_r50_69.png,image_1455_B.jpg,True
image_4831_A.jpg,image_4831_A_wbl2_r50_89.png,image_4831_B.jpg,True
image_3601_A.jpg,image_3601_A_wbl2_r50_67.png,image_3601_B.jpg,True
image_714_A.jpg,image_714_A_wbl2_r50_99.png,image_714_B.jpg,True
image_5435_A.jpg,image_5435_A_wbl2_r50_91.png,image_5435_B.jpg,True
image_5567_A.jpg,image_5567_A_wbl2_r50_97.png,image_5567_B.jpg,True
image_1947_A.jpg,image_1947_A_wbl2_r50_83.png,image_1947_B.jpg,True
image_2659_A.jpg,image_2659_A_wbl2_r50_85.png,image_2659_B.jpg,True
image_3718_A.jpg,image_3718_A_wbl2_r50_53.png,image_3718_B.jpg,True
image_5651_A.jpg,image_5651_A_wbl2_r50_53.png,image_5651_B.jpg,True
image_1481_A.jpg,image_1481_A_wbl2_r50_79.png,image_1481_B.jpg,True
image_2551_A.jpg,image_2551_A_wbl2_r50_57.png,image_2551_B.jpg,True
image_2518_A.jpg,image_2518_A_wbl2_r50_99.png,image_2518_B.jpg,True
image_1248_A.jpg,image_1248_A_wbl2_r50_69.png,image_1248_B.jpg,True
image_2468_A.jpg,image_2468_A_wbl2_r50_87.png,image_2468_B.jpg,True
image_138_A.jpg,image_138_A_wbl2_r50_81.png,image_138_B.jpg,True
image_4352_A.jpg,image_4352_A_wbl2_r50_61.png,image_4352_B.jpg,True
image_2596_A.jpg,image_2596_A_wbl2_r50_81.png,image_2596_B.jpg,True
image_3710_A.jpg,image_3710_A_wbl2_r50_59.png,image_3710_B.jpg,True
image_5520_A.jpg,image_5520_A_wbl2_r50_55.png,image_5520_B.jpg,True
image_729_A.jpg,image_729_A_wbl2_r50_69.png,image_729_B.jpg,True
image_2426_A.jpg,image_2426_A_wbl2_r50_73.png,image_2426_B.jpg,True
image_3286_A.jpg,image_3286_A_wbl2_r50_69.png,image_3286_B.jpg,True
image_2613_A.jpg,image_2613_A_wbl2_r50_99.png,image_2613_B.jpg,True
image_3014_A.jpg,image_3014_A_wbl2_r50_51.png,image_3014_B.jpg,True
image_1965_A.jpg,image_1965_A_wbl2_r50_73.png,image_1965_B.jpg,True
image_1220_A.jpg,image_1220_A_wbl2_r50_51.png,image_1220_B.jpg,True
image_3702_A.jpg,image_3702_A_wbl2_r50_69.png,image_3702_B.jpg,True
image_73_A.jpg,image_73_A_wbl2_r50_79.png,image_73_B.jpg,True
image_205_A.jpg,image_205_A_wbl2_r50_65.png,image_205_B.jpg,True
image_217_A.jpg,image_217_A_wbl2_r50_63.png,image_217_B.jpg,True
image_4497_A.jpg,image_4497_A_wbl2_r50_67.png,image_4497_B.jpg,True
image_56_A.jpg,image_56_A_wbl2_r50_53.png,image_56_B.jpg,True
image_820_A.jpg,image_820_A_wbl2_r50_85.png,image_820_B.jpg,True
image_1315_A.jpg,image_1315_A_wbl2_r50_93.png,image_1315_B.jpg,True
image_637_A.jpg,image_637_A_wbl2_r50_61.png,image_637_B.jpg,True
image_5441_A.jpg,image_5441_A_wbl2_r50_55.png,image_5441_B.jpg,True
image_4837_A.jpg,image_4837_A_wbl2_r50_75.png,image_4837_B.jpg,True
image_826_A.jpg,image_826_A_wbl2_r50_99.png,image_826_B.jpg,True
image_2602_A.jpg,image_2602_A_wbl2_r50_63.png,image_2602_B.jpg,True
image_792_A.jpg,image_792_A_wbl2_r50_83.png,image_792_B.jpg,True
image_112_A.jpg,image_112_A_wbl2_r50_57.png,image_112_B.jpg,True
image_5472_A.jpg,image_5472_A_wbl2_r50_71.png,image_5472_B.jpg,True
image_226_A.jpg,image_226_A_wbl2_r50_79.png,image_226_B.jpg,True
image_1271_A.jpg,image_1271_A_wbl2_r50_99.png,image_1271_B.jpg,True
image_636_A.jpg,image_636_A_wbl2_r50_75.png,image_636_B.jpg,True
image_4391_A.jpg,image_4391_A_wbl2_r50_47.png,image_4391_B.jpg,True
image_213_A.jpg,image_213_A_wbl2_r50_99.png,image_213_B.jpg,True
image_625_A.jpg,image_625_A_wbl2_r50_87.png,image_625_B.jpg,True
image_4276_A.jpg,image_4276_A_wbl2_r50_77.png,image_4276_B.jpg,True
image_4451_A.jpg,image_4451_A_wbl2_r50_93.png,image_4451_B.jpg,True
image_3271_A.jpg,image_3271_A_wbl2_r50_49.png,image_3271_B.jpg,True
image_3629_A.jpg,image_3629_A_wbl2_r50_69.png,image_3629_B.jpg,True
image_55_A.jpg,image_55_A_wbl2_r50_939.png,image_55_B.jpg,True
image_3067_A.jpg,image_3067_A_wbl2_r50_55.png,image_3067_B.jpg,True
image_157_A.jpg,image_157_A_wbl2_r50_89.png,image_157_B.jpg,True
image_26_A.jpg,image_26_A_wbl2_r50_63.png,image_26_B.jpg,True
image_267_A.jpg,image_267_A_wbl2_r50_75.png,image_267_B.jpg,True
image_2667_A.jpg,image_2667_A_wbl2_r50_71.png,image_2667_B.jpg,True
image_1314_A.jpg,image_1314_A_wbl2_r50_97.png,image_1314_B.jpg,True
image_874_A.jpg,image_874_A_wbl2_r50_45.png,image_874_B.jpg,True
image_780_A.jpg,image_780_A_wbl2_r50_51.png,image_780_B.jpg,True
image_4494_A.jpg,image_4494_A_wbl2_r50_55.png,image_4494_B.jpg,True
image_4219_A.jpg,image_4219_A_wbl2_r50_83.png,image_4219_B.jpg,True
image_3104_A.jpg,image_3104_A_wbl2_r50_63.png,image_3104_B.jpg,True
image_5008_A.jpg,image_5008_A_wbl2_r50_51.png,image_5008_B.jpg,True
image_3624_A.jpg,image_3624_A_wbl2_r50_59.png,image_3624_B.jpg,True
image_3161_A.jpg,image_3161_A_wbl2_r50_97.png,image_3161_B.jpg,True
image_4977_A.jpg,image_4977_A_wbl2_r50_75.png,image_4977_B.jpg,True
image_4966_A.jpg,image_4966_A_wbl2_r50_37.png,image_4966_B.jpg,True
image_4958_A.jpg,image_4958_A_wbl2_r50_69.png,image_4958_B.jpg,True
image_818_A.jpg,image_818_A_wbl2_r50_99.png,image_818_B.jpg,True
image_2609_A.jpg,image_2609_A_wbl2_r50_85.png,image_2609_B.jpg,True
image_2556_A.jpg,image_2556_A_wbl2_r50_55.png,image_2556_B.jpg,True
image_1298_A.jpg,image_1298_A_wbl2_r50_81.png,image_1298_B.jpg,True
image_1949_A.jpg,image_1949_A_wbl2_r50_87.png,image_1949_B.jpg,True
image_3600_A.jpg,image_3600_A_wbl2_r50_75.png,image_3600_B.jpg,True
image_3164_A.jpg,image_3164_A_wbl2_r50_89.png,image_3164_B.jpg,True
image_259_A.jpg,image_259_A_wbl2_r50_67.png,image_259_B.jpg,True
image_4287_A.jpg,image_4287_A_wbl2_r50_97.png,image_4287_B.jpg,True
image_2525_A.jpg,image_2525_A_wbl2_r50_87.png,image_2525_B.jpg,True
image_239_A.jpg,image_239_A_wbl2_r50_49.png,image_239_B.jpg,True
image_2626_A.jpg,image_2626_A_wbl2_r50_61.png,image_2626_B.jpg,True
image_3295_A.jpg,image_3295_A_wbl2_r50_85.png,image_3295_B.jpg,True
image_3245_A.jpg,image_3245_A_wbl2_r50_95.png,image_3245_B.jpg,True
image_3841_A.jpg,image_3841_A_wbl2_r50_63.png,image_3841_B.jpg,True
image_2412_A.jpg,image_2412_A_wbl2_r50_51.png,image_2412_B.jpg,True
image_248_A.jpg,image_248_A_wbl2_r50_97.png,image_248_B.jpg,True
image_3771_A.jpg,image_3771_A_wbl2_r50_83.png,image_3771_B.jpg,True
image_4461_A.jpg,image_4461_A_wbl2_r50_89.png,image_4461_B.jpg,True
image_1852_A.jpg,image_1852_A_wbl2_r50_75.png,image_1852_B.jpg,True
image_3777_A.jpg,image_3777_A_wbl2_r50_83.png,image_3777_B.jpg,True
image_1921_A.jpg,image_1921_A_wbl2_r50_91.png,image_1921_B.jpg,True
image_630_A.jpg,image_630_A_wbl2_r50_93.png,image_630_B.jpg,True
image_3107_A.jpg,image_3107_A_wbl2_r50_89.png,image_3107_B.jpg,True
image_3748_A.jpg,image_3748_A_wbl2_r50_67.png,image_3748_B.jpg,True
image_3766_A.jpg,image_3766_A_wbl2_r50_75.png,image_3766_B.jpg,True
image_124_A.jpg,image_124_A_wbl2_r50_83.png,image_124_B.jpg,True
image_1398_A.jpg,image_1398_A_wbl2_r50_59.png,image_1398_B.jpg,True
image_4983_A.jpg,image_4983_A_wbl2_r50_71.png,image_4983_B.jpg,True
image_5487_A.jpg,image_5487_A_wbl2_r50_67.png,image_5487_B.jpg,True
image_65_A.jpg,image_65_A_wbl2_r50_97.png,image_65_B.jpg,True
image_649_A.jpg,image_649_A_wbl2_r50_57.png,image_649_B.jpg,True
image_150_A.jpg,image_150_A_wbl2_r50_89.png,image_150_B.jpg,True
image_5013_A.jpg,image_5013_A_wbl2_r50_75.png,image_5013_B.jpg,True
image_4453_A.jpg,image_4453_A_wbl2_r50_65.png,image_4453_B.jpg,True
image_5531_A.jpg,image_5531_A_wbl2_r50_99.png,image_5531_B.jpg,True
image_2670_A.jpg,image_2670_A_wbl2_r50_47.png,image_2670_B.jpg,True
image_4458_A.jpg,image_4458_A_wbl2_r50_97.png,image_4458_B.jpg,True
image_1985_A.jpg,image_1985_A_wbl2_r50_51.png,image_1985_B.jpg,True
image_5422_A.jpg,image_5422_A_wbl2_r50_89.png,image_5422_B.jpg,True
image_139_A.jpg,image_139_A_wbl2_r50_89.png,image_139_B.jpg,True
image_3753_A.jpg,image_3753_A_wbl2_r50_45.png,image_3753_B.jpg,True
image_3878_A.jpg,image_3878_A_wbl2_r50_89.png,image_3878_B.jpg,True
image_647_A.jpg,image_647_A_wbl2_r50_57.png,image_647_B.jpg,True
image_3724_A.jpg,image_3724_A_wbl2_r50_59.png,image_3724_B.jpg,True
image_1354_A.jpg,image_1354_A_wbl2_r50_53.png,image_1354_B.jpg,True
image_3200_A.jpg,image_3200_A_wbl2_r50_97.png,image_3200_B.jpg,True
image_126_A.jpg,image_126_A_wbl2_r50_77.png,image_126_B.jpg,True
image_3230_A.jpg,image_3230_A_wbl2_r50_55.png,image_3230_B.jpg,True
image_1276_A.jpg,image_1276_A_wbl2_r50_97.png,image_1276_B.jpg,True
image_2560_A.jpg,image_2560_A_wbl2_r50_61.png,image_2560_B.jpg,True
image_3299_A.jpg,image_3299_A_wbl2_r50_69.png,image_3299_B.jpg,True
image_4302_A.jpg,image_4302_A_wbl2_r50_63.png,image_4302_B.jpg,True
image_877_A.jpg,image_877_A_wbl2_r50_31.png,image_877_B.jpg,True
image_5492_A.jpg,image_5492_A_wbl2_r50_73.png,image_5492_B.jpg,True
image_2492_A.jpg,image_2492_A_wbl2_r50_97.png,image_2492_B.jpg,True
image_5604_A.jpg,image_5604_A_wbl2_r50_97.png,image_5604_B.jpg,True
image_1429_A.jpg,image_1429_A_wbl2_r50_95.png,image_1429_B.jpg,True
image_748_A.jpg,image_748_A_wbl2_r50_91.png,image_748_B.jpg,True
image_2494_A.jpg,image_2494_A_wbl2_r50_99.png,image_2494_B.jpg,True
image_1363_A.jpg,image_1363_A_wbl2_r50_99.png,image_1363_B.jpg,True
image_50_A.jpg,image_50_A_wbl2_r50_65.png,image_50_B.jpg,True
image_1456_A.jpg,image_1456_A_wbl2_r50_99.png,image_1456_B.jpg,True
image_617_A.jpg,image_617_A_wbl2_r50_49.png,image_617_B.jpg,True
image_3256_A.jpg,image_3256_A_wbl2_r50_61.png,image_3256_B.jpg,True
image_5618_A.jpg,image_5618_A_wbl2_r50_51.png,image_5618_B.jpg,True
image_4882_A.jpg,image_4882_A_wbl2_r50_53.png,image_4882_B.jpg,True
image_3218_A.jpg,image_3218_A_wbl2_r50_63.png,image_3218_B.jpg,True
image_2558_A.jpg,image_2558_A_wbl2_r50_53.png,image_2558_B.jpg,True
image_2066_A.jpg,image_2066_A_wbl2_r50_63.png,image_2066_B.jpg,True
image_716_A.jpg,image_716_A_wbl2_r50_45.png,image_716_B.jpg,True
image_3759_A.jpg,image_3759_A_wbl2_r50_97.png,image_3759_B.jpg,True
image_2632_A.jpg,image_2632_A_wbl2_r50_69.png,image_2632_B.jpg,True
image_4910_A.jpg,image_4910_A_wbl2_r50_75.png,image_4910_B.jpg,True
image_3013_A.jpg,image_3013_A_wbl2_r50_61.png,image_3013_B.jpg,True
image_5547_A.jpg,image_5547_A_wbl2_r50_57.png,image_5547_B.jpg,True
image_3028_A.jpg,image_3028_A_wbl2_r50_59.png,image_3028_B.jpg,True
image_4231_A.jpg,image_4231_A_wbl2_r50_95.png,image_4231_B.jpg,True
image_3053_A.jpg,image_3053_A_wbl2_r50_69.png,image_3053_B.jpg,True
image_81_A.jpg,image_81_A_wbl2_r50_43.png,image_81_B.jpg,True
image_5697_A.jpg,image_5697_A_wbl2_r50_59.png,image_5697_B.jpg,True
image_3234_A.jpg,image_3234_A_wbl2_r50_99.png,image_3234_B.jpg,True
image_3805_A.jpg,image_3805_A_wbl2_r50_81.png,image_3805_B.jpg,True
image_880_A.jpg,image_880_A_wbl2_r50_99.png,image_880_B.jpg,True
image_4483_A.jpg,image_4483_A_wbl2_r50_57.png,image_4483_B.jpg,True
image_4394_A.jpg,image_4394_A_wbl2_r50_49.png,image_4394_B.jpg,True
image_1386_A.jpg,image_1386_A_wbl2_r50_63.png,image_1386_B.jpg,True
image_4925_A.jpg,image_4925_A_wbl2_r50_97.png,image_4925_B.jpg,True
image_5005_A.jpg,image_5005_A_wbl2_r50_75.png,image_5005_B.jpg,True
image_2041_A.jpg,image_2041_A_wbl2_r50_69.png,image_2041_B.jpg,True
image_2606_A.jpg,image_2606_A_wbl2_r50_49.png,image_2606_B.jpg,True
image_4203_A.jpg,image_4203_A_wbl2_r50_93.png,image_4203_B.jpg,True
image_106_A.jpg,image_106_A_wbl2_r50_55.png,image_106_B.jpg,True
image_1312_A.jpg,image_1312_A_wbl2_r50_85.png,image_1312_B.jpg,True
image_3717_A.jpg,image_3717_A_wbl2_r50_53.png,image_3717_B.jpg,True
image_1841_A.jpg,image_1841_A_wbl2_r50_47.png,image_1841_B.jpg,True
image_1871_A.jpg,image_1871_A_wbl2_r50_87.png,image_1871_B.jpg,True
image_833_A.jpg,image_833_A_wbl2_r50_43.png,image_833_B.jpg,True
image_627_A.jpg,image_627_A_wbl2_r50_97.png,image_627_B.jpg,True
image_1423_A.jpg,image_1423_A_wbl2_r50_47.png,image_1423_B.jpg,True
image_5554_A.jpg,image_5554_A_wbl2_r50_99.png,image_5554_B.jpg,True
image_1428_A.jpg,image_1428_A_wbl2_r50_49.png,image_1428_B.jpg,True
image_1938_A.jpg,image_1938_A_wbl2_r50_97.png,image_1938_B.jpg,True
image_1904_A.jpg,image_1904_A_wbl2_r50_43.png,image_1904_B.jpg,True
image_1240_A.jpg,image_1240_A_wbl2_r50_99.png,image_1240_B.jpg,True
image_3203_A.jpg,image_3203_A_wbl2_r50_57.png,image_3203_B.jpg,True
image_3870_A.jpg,image_3870_A_wbl2_r50_71.png,image_3870_B.jpg,True
image_1216_A.jpg,image_1216_A_wbl2_r50_75.png,image_1216_B.jpg,True
image_5040_A.jpg,image_5040_A_wbl2_r50_63.png,image_5040_B.jpg,True
image_3681_A.jpg,image_3681_A_wbl2_r50_73.png,image_3681_B.jpg,True
image_686_A.jpg,image_686_A_wbl2_r50_93.png,image_686_B.jpg,True
image_746_A.jpg,image_746_A_wbl2_r50_79.png,image_746_B.jpg,True
image_3249_A.jpg,image_3249_A_wbl2_r50_37.png,image_3249_B.jpg,True
image_2510_A.jpg,image_2510_A_wbl2_r50_91.png,image_2510_B.jpg,True
image_3840_A.jpg,image_3840_A_wbl2_r50_97.png,image_3840_B.jpg,True
image_1874_A.jpg,image_1874_A_wbl2_r50_99.png,image_1874_B.jpg,True
image_4484_A.jpg,image_4484_A_wbl2_r50_99.png,image_4484_B.jpg,True
image_4278_A.jpg,image_4278_A_wbl2_r50_57.png,image_4278_B.jpg,True
image_5522_A.jpg,image_5522_A_wbl2_r50_93.png,image_5522_B.jpg,True
image_4916_A.jpg,image_4916_A_wbl2_r50_75.png,image_4916_B.jpg,True
image_5526_A.jpg,image_5526_A_wbl2_r50_91.png,image_5526_B.jpg,True
image_5574_A.jpg,image_5574_A_wbl2_r50_65.png,image_5574_B.jpg,True
image_59_A.jpg,image_59_A_wbl2_r50_1039.png,image_59_B.jpg,True
image_4202_A.jpg,image_4202_A_wbl2_r50_49.png,image_4202_B.jpg,True
image_806_A.jpg,image_806_A_wbl2_r50_69.png,image_806_B.jpg,True
image_5463_A.jpg,image_5463_A_wbl2_r50_63.png,image_5463_B.jpg,True
image_167_A.jpg,image_167_A_wbl2_r50_93.png,image_167_B.jpg,True
image_715_A.jpg,image_715_A_wbl2_r50_75.png,image_715_B.jpg,True
image_1967_A.jpg,image_1967_A_wbl2_r50_47.png,image_1967_B.jpg,True
image_5543_A.jpg,image_5543_A_wbl2_r50_55.png,image_5543_B.jpg,True
image_2051_A.jpg,image_2051_A_wbl2_r50_87.png,image_2051_B.jpg,True
image_5500_A.jpg,image_5500_A_wbl2_r50_41.png,image_5500_B.jpg,True
image_1361_A.jpg,image_1361_A_wbl2_r50_99.png,image_1361_B.jpg,True
image_827_A.jpg,image_827_A_wbl2_r50_85.png,image_827_B.jpg,True
image_1873_A.jpg,image_1873_A_wbl2_r50_99.png,image_1873_B.jpg,True
image_4201_A.jpg,image_4201_A_wbl2_r50_97.png,image_4201_B.jpg,True
image_1933_A.jpg,image_1933_A_wbl2_r50_51.png,image_1933_B.jpg,True
image_43_A.jpg,image_43_A_wbl2_r50_1437.png,image_43_B.jpg,True
image_3144_A.jpg,image_3144_A_wbl2_r50_93.png,image_3144_B.jpg,True
image_3137_A.jpg,image_3137_A_wbl2_r50_55.png,image_3137_B.jpg,True
image_5086_A.jpg,image_5086_A_wbl2_r50_99.png,image_5086_B.jpg,True
image_3073_A.jpg,image_3073_A_wbl2_r50_45.png,image_3073_B.jpg,True
image_4852_A.jpg,image_4852_A_wbl2_r50_55.png,image_4852_B.jpg,True
image_5057_A.jpg,image_5057_A_wbl2_r50_63.png,image_5057_B.jpg,True
image_3047_A.jpg,image_3047_A_wbl2_r50_81.png,image_3047_B.jpg,True
image_1209_A.jpg,image_1209_A_wbl2_r50_53.png,image_1209_B.jpg,True
image_4399_A.jpg,image_4399_A_wbl2_r50_53.png,image_4399_B.jpg,True
image_2439_A.jpg,image_2439_A_wbl2_r50_99.png,image_2439_B.jpg,True
image_131_A.jpg,image_131_A_wbl2_r50_55.png,image_131_B.jpg,True
image_94_A.jpg,image_94_A_wbl2_r50_91.png,image_94_B.jpg,True
image_3693_A.jpg,image_3693_A_wbl2_r50_93.png,image_3693_B.jpg,True
image_3281_A.jpg,image_3281_A_wbl2_r50_71.png,image_3281_B.jpg,True
image_1431_A.jpg,image_1431_A_wbl2_r50_61.png,image_1431_B.jpg,True
image_2643_A.jpg,image_2643_A_wbl2_r50_91.png,image_2643_B.jpg,True
image_1202_A.jpg,image_1202_A_wbl2_r50_83.png,image_1202_B.jpg,True
image_4809_A.jpg,image_4809_A_wbl2_r50_33.png,image_4809_B.jpg,True
image_3886_A.jpg,image_3886_A_wbl2_r50_99.png,image_3886_B.jpg,True
image_2446_A.jpg,image_2446_A_wbl2_r50_77.png,image_2446_B.jpg,True
image_2023_A.jpg,image_2023_A_wbl2_r50_97.png,image_2023_B.jpg,True
image_732_A.jpg,image_732_A_wbl2_r50_85.png,image_732_B.jpg,True
image_3149_A.jpg,image_3149_A_wbl2_r50_91.png,image_3149_B.jpg,True
image_1928_A.jpg,image_1928_A_wbl2_r50_75.png,image_1928_B.jpg,True
image_206_A.jpg,image_206_A_wbl2_r50_35.png,image_206_B.jpg,True
image_808_A.jpg,image_808_A_wbl2_r50_85.png,image_808_B.jpg,True
image_1814_A.jpg,image_1814_A_wbl2_r50_97.png,image_1814_B.jpg,True
image_4409_A.jpg,image_4409_A_wbl2_r50_99.png,image_4409_B.jpg,True
image_2480_A.jpg,image_2480_A_wbl2_r50_75.png,image_2480_B.jpg,True
image_4944_A.jpg,image_4944_A_wbl2_r50_99.png,image_4944_B.jpg,True
image_2533_A.jpg,image_2533_A_wbl2_r50_99.png,image_2533_B.jpg,True
image_3117_A.jpg,image_3117_A_wbl2_r50_83.png,image_3117_B.jpg,True
image_760_A.jpg,image_760_A_wbl2_r50_96.png,image_760_B.jpg,True
image_4926_A.jpg,image_4926_A_wbl2_r50_39.png,image_4926_B.jpg,True
image_4213_A.jpg,image_4213_A_wbl2_r50_43.png,image_4213_B.jpg,True
image_4270_A.jpg,image_4270_A_wbl2_r50_67.png,image_4270_B.jpg,True
image_3898_A.jpg,image_3898_A_wbl2_r50_89.png,image_3898_B.jpg,True
image_5460_A.jpg,image_5460_A_wbl2_r50_47.png,image_5460_B.jpg,True
image_4924_A.jpg,image_4924_A_wbl2_r50_45.png,image_4924_B.jpg,True
image_5560_A.jpg,image_5560_A_wbl2_r50_41.png,image_5560_B.jpg,True
image_794_A.jpg,image_794_A_wbl2_r50_67.png,image_794_B.jpg,True
image_4440_A.jpg,image_4440_A_wbl2_r50_71.png,image_4440_B.jpg,True
image_5569_A.jpg,image_5569_A_wbl2_r50_91.png,image_5569_B.jpg,True
image_3042_A.jpg,image_3042_A_wbl2_r50_93.png,image_3042_B.jpg,True
image_107_A.jpg,image_107_A_wbl2_r50_79.png,image_107_B.jpg,True
image_228_A.jpg,image_228_A_wbl2_r50_61.png,image_228_B.jpg,True
image_720_A.jpg,image_720_A_wbl2_r50_37.png,image_720_B.jpg,True
image_1966_A.jpg,image_1966_A_wbl2_r50_99.png,image_1966_B.jpg,True
image_3105_A.jpg,image_3105_A_wbl2_r50_63.png,image_3105_B.jpg,True
image_633_A.jpg,image_633_A_wbl2_r50_49.png,image_633_B.jpg,True
image_1903_A.jpg,image_1903_A_wbl2_r50_67.png,image_1903_B.jpg,True
image_3838_A.jpg,image_3838_A_wbl2_r50_85.png,image_3838_B.jpg,True
image_3885_A.jpg,image_3885_A_wbl2_r50_55.png,image_3885_B.jpg,True
image_5549_A.jpg,image_5549_A_wbl2_r50_95.png,image_5549_B.jpg,True
image_2514_A.jpg,image_2514_A_wbl2_r50_85.png,image_2514_B.jpg,True
image_5578_A.jpg,image_5578_A_wbl2_r50_65.png,image_5578_B.jpg,True
image_4917_A.jpg,image_4917_A_wbl2_r50_43.png,image_4917_B.jpg,True
image_628_A.jpg,image_628_A_wbl2_r50_85.png,image_628_B.jpg,True
image_1215_A.jpg,image_1215_A_wbl2_r50_51.png,image_1215_B.jpg,True
image_4332_A.jpg,image_4332_A_wbl2_r50_65.png,image_4332_B.jpg,True
image_608_A.jpg,image_608_A_wbl2_r50_71.png,image_608_B.jpg,True
image_4365_A.jpg,image_4365_A_wbl2_r50_99.png,image_4365_B.jpg,True
image_171_A.jpg,image_171_A_wbl2_r50_79.png,image_171_B.jpg,True
image_1813_A.jpg,image_1813_A_wbl2_r50_95.png,image_1813_B.jpg,True
image_4955_A.jpg,image_4955_A_wbl2_r50_41.png,image_4955_B.jpg,True
image_612_A.jpg,image_612_A_wbl2_r50_99.png,image_612_B.jpg,True
image_3209_A.jpg,image_3209_A_wbl2_r50_37.png,image_3209_B.jpg,True
image_5488_A.jpg,image_5488_A_wbl2_r50_67.png,image_5488_B.jpg,True
image_3756_A.jpg,image_3756_A_wbl2_r50_63.png,image_3756_B.jpg,True
image_2655_A.jpg,image_2655_A_wbl2_r50_75.png,image_2655_B.jpg,True
image_1210_A.jpg,image_1210_A_wbl2_r50_94.png,image_1210_B.jpg,True
image_3685_A.jpg,image_3685_A_wbl2_r50_95.png,image_3685_B.jpg,True
image_3688_A.jpg,image_3688_A_wbl2_r50_69.png,image_3688_B.jpg,True
image_676_A.jpg,image_676_A_wbl2_r50_63.png,image_676_B.jpg,True
image_5539_A.jpg,image_5539_A_wbl2_r50_59.png,image_5539_B.jpg,True
image_3700_A.jpg,image_3700_A_wbl2_r50_83.png,image_3700_B.jpg,True
image_252_A.jpg,image_252_A_wbl2_r50_65.png,image_252_B.jpg,True
image_3280_A.jpg,image_3280_A_wbl2_r50_99.png,image_3280_B.jpg,True
image_3202_A.jpg,image_3202_A_wbl2_r50_39.png,image_3202_B.jpg,True
image_1945_A.jpg,image_1945_A_wbl2_r50_91.png,image_1945_B.jpg,True
image_4327_A.jpg,image_4327_A_wbl2_r50_95.png,image_4327_B.jpg,True
image_2410_A.jpg,image_2410_A_wbl2_r50_77.png,image_2410_B.jpg,True
image_3896_A.jpg,image_3896_A_wbl2_r50_63.png,image_3896_B.jpg,True
image_261_A.jpg,image_261_A_wbl2_r50_75.png,image_261_B.jpg,True
image_2691_A.jpg,image_2691_A_wbl2_r50_99.png,image_2691_B.jpg,True
image_2457_A.jpg,image_2457_A_wbl2_r50_95.png,image_2457_B.jpg,True
image_3133_A.jpg,image_3133_A_wbl2_r50_99.png,image_3133_B.jpg,True
image_4482_A.jpg,image_4482_A_wbl2_r50_81.png,image_4482_B.jpg,True
image_1433_A.jpg,image_1433_A_wbl2_r50_81.png,image_1433_B.jpg,True
image_221_A.jpg,image_221_A_wbl2_r50_89.png,image_221_B.jpg,True
image_1977_A.jpg,image_1977_A_wbl2_r50_45.png,image_1977_B.jpg,True
image_3032_A.jpg,image_3032_A_wbl2_r50_73.png,image_3032_B.jpg,True
image_1946_A.jpg,image_1946_A_wbl2_r50_69.png,image_1946_B.jpg,True
image_4430_A.jpg,image_4430_A_wbl2_r50_55.png,image_4430_B.jpg,True
image_766_A.jpg,image_766_A_wbl2_r50_89.png,image_766_B.jpg,True
image_2069_A.jpg,image_2069_A_wbl2_r50_95.png,image_2069_B.jpg,True
image_3262_A.jpg,image_3262_A_wbl2_r50_87.png,image_3262_B.jpg,True
image_2003_A.jpg,image_2003_A_wbl2_r50_53.png,image_2003_B.jpg,True
image_4362_A.jpg,image_4362_A_wbl2_r50_91.png,image_4362_B.jpg,True
image_3174_A.jpg,image_3174_A_wbl2_r50_79.png,image_3174_B.jpg,True
image_620_A.jpg,image_620_A_wbl2_r50_63.png,image_620_B.jpg,True
image_294_A.jpg,image_294_A_wbl2_r50_43.png,image_294_B.jpg,True
image_3009_A.jpg,image_3009_A_wbl2_r50_65.png,image_3009_B.jpg,True
image_675_A.jpg,image_675_A_wbl2_r50_95.png,image_675_B.jpg,True
image_896_A.jpg,image_896_A_wbl2_r50_81.png,image_896_B.jpg,True
image_4833_A.jpg,image_4833_A_wbl2_r50_47.png,image_4833_B.jpg,True
image_5485_A.jpg,image_5485_A_wbl2_r50_51.png,image_5485_B.jpg,True
image_5647_A.jpg,image_5647_A_wbl2_r50_99.png,image_5647_B.jpg,True
image_169_A.jpg,image_169_A_wbl2_r50_65.png,image_169_B.jpg,True
image_1336_A.jpg,image_1336_A_wbl2_r50_93.png,image_1336_B.jpg,True
image_4808_A.jpg,image_4808_A_wbl2_r50_83.png,image_4808_B.jpg,True
image_778_A.jpg,image_778_A_wbl2_r50_59.png,image_778_B.jpg,True
image_4971_A.jpg,image_4971_A_wbl2_r50_79.png,image_4971_B.jpg,True
image_1294_A.jpg,image_1294_A_wbl2_r50_99.png,image_1294_B.jpg,True
image_3786_A.jpg,image_3786_A_wbl2_r50_59.png,image_3786_B.jpg,True
image_1976_A.jpg,image_1976_A_wbl2_r50_73.png,image_1976_B.jpg,True
image_4438_A.jpg,image_4438_A_wbl2_r50_61.png,image_4438_B.jpg,True
image_3259_A.jpg,image_3259_A_wbl2_r50_67.png,image_3259_B.jpg,True
image_141_A.jpg,image_141_A_wbl2_r50_97.png,image_141_B.jpg,True
image_4805_A.jpg,image_4805_A_wbl2_r50_97.png,image_4805_B.jpg,True
image_4950_A.jpg,image_4950_A_wbl2_r50_67.png,image_4950_B.jpg,True
image_3708_A.jpg,image_3708_A_wbl2_r50_49.png,image_3708_B.jpg,True
image_4997_A.jpg,image_4997_A_wbl2_r50_81.png,image_4997_B.jpg,True
image_207_A.jpg,image_207_A_wbl2_r50_99.png,image_207_B.jpg,True
image_3210_A.jpg,image_3210_A_wbl2_r50_69.png,image_3210_B.jpg,True
image_5428_A.jpg,image_5428_A_wbl2_r50_99.png,image_5428_B.jpg,True
image_849_A.jpg,image_849_A_wbl2_r50_51.png,image_849_B.jpg,True
image_4280_A.jpg,image_4280_A_wbl2_r50_99.png,image_4280_B.jpg,True
image_1886_A.jpg,image_1886_A_wbl2_r50_41.png,image_1886_B.jpg,True
image_3118_A.jpg,image_3118_A_wbl2_r50_75.png,image_3118_B.jpg,True
image_1353_A.jpg,image_1353_A_wbl2_r50_95.png,image_1353_B.jpg,True
image_5094_A.jpg,image_5094_A_wbl2_r50_67.png,image_5094_B.jpg,True
image_63_A.jpg,image_63_A_wbl2_r50_93.png,image_63_B.jpg,True
image_2018_A.jpg,image_2018_A_wbl2_r50_57.png,image_2018_B.jpg,True
image_5571_A.jpg,image_5571_A_wbl2_r50_93.png,image_5571_B.jpg,True
image_4262_A.jpg,image_4262_A_wbl2_r50_95.png,image_4262_B.jpg,True
image_1499_A.jpg,image_1499_A_wbl2_r50_71.png,image_1499_B.jpg,True
image_2504_A.jpg,image_2504_A_wbl2_r50_99.png,image_2504_B.jpg,True
image_1406_A.jpg,image_1406_A_wbl2_r50_53.png,image_1406_B.jpg,True
image_4815_A.jpg,image_4815_A_wbl2_r50_85.png,image_4815_B.jpg,True
image_4269_A.jpg,image_4269_A_wbl2_r50_93.png,image_4269_B.jpg,True
image_5507_A.jpg,image_5507_A_wbl2_r50_97.png,image_5507_B.jpg,True
image_3730_A.jpg,image_3730_A_wbl2_r50_47.png,image_3730_B.jpg,True
image_3085_A.jpg,image_3085_A_wbl2_r50_97.png,image_3085_B.jpg,True
image_2472_A.jpg,image_2472_A_wbl2_r50_53.png,image_2472_B.jpg,True
image_2620_A.jpg,image_2620_A_wbl2_r50_99.png,image_2620_B.jpg,True
image_3153_A.jpg,image_3153_A_wbl2_r50_59.png,image_3153_B.jpg,True
image_4424_A.jpg,image_4424_A_wbl2_r50_43.png,image_4424_B.jpg,True
image_1418_A.jpg,image_1418_A_wbl2_r50_35.png,image_1418_B.jpg,True
image_3272_A.jpg,image_3272_A_wbl2_r50_77.png,image_3272_B.jpg,True
image_3039_A.jpg,image_3039_A_wbl2_r50_75.png,image_3039_B.jpg,True
image_4830_A.jpg,image_4830_A_wbl2_r50_93.png,image_4830_B.jpg,True
image_4923_A.jpg,image_4923_A_wbl2_r50_79.png,image_4923_B.jpg,True
image_79_A.jpg,image_79_A_wbl2_r50_49.png,image_79_B.jpg,True
image_2015_A.jpg,image_2015_A_wbl2_r50_33.png,image_2015_B.jpg,True
image_2054_A.jpg,image_2054_A_wbl2_r50_95.png,image_2054_B.jpg,True
image_3238_A.jpg,image_3238_A_wbl2_r50_89.png,image_3238_B.jpg,True
image_281_A.jpg,image_281_A_wbl2_r50_87.png,image_281_B.jpg,True
image_4243_A.jpg,image_4243_A_wbl2_r50_79.png,image_4243_B.jpg,True
image_4970_A.jpg,image_4970_A_wbl2_r50_63.png,image_4970_B.jpg,True
image_3148_A.jpg,image_3148_A_wbl2_r50_87.png,image_3148_B.jpg,True
image_3844_A.jpg,image_3844_A_wbl2_r50_71.png,image_3844_B.jpg,True
image_606_A.jpg,image_606_A_wbl2_r50_59.png,image_606_B.jpg,True
image_3017_A.jpg,image_3017_A_wbl2_r50_49.png,image_3017_B.jpg,True
image_2475_A.jpg,image_2475_A_wbl2_r50_37.png,image_2475_B.jpg,True
image_1267_A.jpg,image_1267_A_wbl2_r50_99.png,image_1267_B.jpg,True
image_178_A.jpg,image_178_A_wbl2_r50_97.png,image_178_B.jpg,True
image_5054_A.jpg,image_5054_A_wbl2_r50_45.png,image_5054_B.jpg,True
image_3752_A.jpg,image_3752_A_wbl2_r50_91.png,image_3752_B.jpg,True
image_4412_A.jpg,image_4412_A_wbl2_r50_71.png,image_4412_B.jpg,True
image_2640_A.jpg,image_2640_A_wbl2_r50_71.png,image_2640_B.jpg,True
image_4892_A.jpg,image_4892_A_wbl2_r50_59.png,image_4892_B.jpg,True
image_180_A.jpg,image_180_A_wbl2_r50_97.png,image_180_B.jpg,True
image_256_A.jpg,image_256_A_wbl2_r50_55.png,image_256_B.jpg,True
image_5087_A.jpg,image_5087_A_wbl2_r50_53.png,image_5087_B.jpg,True
image_80_A.jpg,image_80_A_wbl2_r50_51.png,image_80_B.jpg,True
image_802_A.jpg,image_802_A_wbl2_r50_95.png,image_802_B.jpg,True
image_5430_A.jpg,image_5430_A_wbl2_r50_49.png,image_5430_B.jpg,True
image_232_A.jpg,image_232_A_wbl2_r50_75.png,image_232_B.jpg,True
image_1482_A.jpg,image_1482_A_wbl2_r50_51.png,image_1482_B.jpg,True
image_5598_A.jpg,image_5598_A_wbl2_r50_81.png,image_5598_B.jpg,True
image_1323_A.jpg,image_1323_A_wbl2_r50_71.png,image_1323_B.jpg,True
image_102_A.jpg,image_102_A_wbl2_r50_81.png,image_102_B.jpg,True
image_3108_A.jpg,image_3108_A_wbl2_r50_89.png,image_3108_B.jpg,True
image_4889_A.jpg,image_4889_A_wbl2_r50_53.png,image_4889_B.jpg,True
image_1440_A.jpg,image_1440_A_wbl2_r50_67.png,image_1440_B.jpg,True
image_1824_A.jpg,image_1824_A_wbl2_r50_45.png,image_1824_B.jpg,True
image_3879_A.jpg,image_3879_A_wbl2_r50_77.png,image_3879_B.jpg,True
image_704_A.jpg,image_704_A_wbl2_r50_45.png,image_704_B.jpg,True
image_1805_A.jpg,image_1805_A_wbl2_r50_51.png,image_1805_B.jpg,True
image_4922_A.jpg,image_4922_A_wbl2_r50_37.png,image_4922_B.jpg,True
image_5405_A.jpg,image_5405_A_wbl2_r50_53.png,image_5405_B.jpg,True
image_1488_A.jpg,image_1488_A_wbl2_r50_61.png,image_1488_B.jpg,True
image_3033_A.jpg,image_3033_A_wbl2_r50_99.png,image_3033_B.jpg,True
image_5413_A.jpg,image_5413_A_wbl2_r50_99.png,image_5413_B.jpg,True
image_4216_A.jpg,image_4216_A_wbl2_r50_83.png,image_4216_B.jpg,True
image_1291_A.jpg,image_1291_A_wbl2_r50_51.png,image_1291_B.jpg,True
image_3635_A.jpg,image_3635_A_wbl2_r50_49.png,image_3635_B.jpg,True
image_1931_A.jpg,image_1931_A_wbl2_r50_67.png,image_1931_B.jpg,True
image_1479_A.jpg,image_1479_A_wbl2_r50_73.png,image_1479_B.jpg,True
image_3853_A.jpg,image_3853_A_wbl2_r50_95.png,image_3853_B.jpg,True
image_4890_A.jpg,image_4890_A_wbl2_r50_95.png,image_4890_B.jpg,True
image_5540_A.jpg,image_5540_A_wbl2_r50_71.png,image_5540_B.jpg,True
image_77_A.jpg,image_77_A_wbl2_r50_97.png,image_77_B.jpg,True
image_3156_A.jpg,image_3156_A_wbl2_r50_83.png,image_3156_B.jpg,True
image_4206_A.jpg,image_4206_A_wbl2_r50_91.png,image_4206_B.jpg,True
image_4854_A.jpg,image_4854_A_wbl2_r50_35.png,image_4854_B.jpg,True
image_5523_A.jpg,image_5523_A_wbl2_r50_45.png,image_5523_B.jpg,True
image_1348_A.jpg,image_1348_A_wbl2_r50_45.png,image_1348_B.jpg,True
image_4912_A.jpg,image_4912_A_wbl2_r50_73.png,image_4912_B.jpg,True
image_5046_A.jpg,image_5046_A_wbl2_r50_63.png,image_5046_B.jpg,True
image_5406_A.jpg,image_5406_A_wbl2_r50_91.png,image_5406_B.jpg,True
image_1357_A.jpg,image_1357_A_wbl2_r50_65.png,image_1357_B.jpg,True
image_4876_A.jpg,image_4876_A_wbl2_r50_59.png,image_4876_B.jpg,True
image_4363_A.jpg,image_4363_A_wbl2_r50_81.png,image_4363_B.jpg,True
image_2534_A.jpg,image_2534_A_wbl2_r50_61.png,image_2534_B.jpg,True
image_3020_A.jpg,image_3020_A_wbl2_r50_77.png,image_3020_B.jpg,True
image_3647_A.jpg,image_3647_A_wbl2_r50_89.png,image_3647_B.jpg,True
image_4376_A.jpg,image_4376_A_wbl2_r50_71.png,image_4376_B.jpg,True
image_734_A.jpg,image_734_A_wbl2_r50_97.png,image_734_B.jpg,True
image_3808_A.jpg,image_3808_A_wbl2_r50_69.png,image_3808_B.jpg,True
image_3894_A.jpg,image_3894_A_wbl2_r50_69.png,image_3894_B.jpg,True
image_127_A.jpg,image_127_A_wbl2_r50_79.png,image_127_B.jpg,True
image_4401_A.jpg,image_4401_A_wbl2_r50_39.png,image_4401_B.jpg,True
image_3689_A.jpg,image_3689_A_wbl2_r50_55.png,image_3689_B.jpg,True
image_706_A.jpg,image_706_A_wbl2_r50_49.png,image_706_B.jpg,True
image_1990_A.jpg,image_1990_A_wbl2_r50_51.png,image_1990_B.jpg,True
image_3122_A.jpg,image_3122_A_wbl2_r50_79.png,image_3122_B.jpg,True
image_4979_A.jpg,image_4979_A_wbl2_r50_79.png,image_4979_B.jpg,True
image_3640_A.jpg,image_3640_A_wbl2_r50_83.png,image_3640_B.jpg,True
image_846_A.jpg,image_846_A_wbl2_r50_59.png,image_846_B.jpg,True
image_2064_A.jpg,image_2064_A_wbl2_r50_87.png,image_2064_B.jpg,True
image_651_A.jpg,image_651_A_wbl2_r50_97.png,image_651_B.jpg,True
image_1857_A.jpg,image_1857_A_wbl2_r50_49.png,image_1857_B.jpg,True
image_1987_A.jpg,image_1987_A_wbl2_r50_99.png,image_1987_B.jpg,True
image_1254_A.jpg,image_1254_A_wbl2_r50_96.png,image_1254_B.jpg,True
image_3150_A.jpg,image_3150_A_wbl2_r50_59.png,image_3150_B.jpg,True
image_5075_A.jpg,image_5075_A_wbl2_r50_43.png,image_5075_B.jpg,True
image_4895_A.jpg,image_4895_A_wbl2_r50_93.png,image_4895_B.jpg,True
image_3147_A.jpg,image_3147_A_wbl2_r50_93.png,image_3147_B.jpg,True
image_133_A.jpg,image_133_A_wbl2_r50_87.png,image_133_B.jpg,True
image_1261_A.jpg,image_1261_A_wbl2_r50_53.png,image_1261_B.jpg,True
image_3829_A.jpg,image_3829_A_wbl2_r50_61.png,image_3829_B.jpg,True
image_4965_A.jpg,image_4965_A_wbl2_r50_43.png,image_4965_B.jpg,True
image_3760_A.jpg,image_3760_A_wbl2_r50_63.png,image_3760_B.jpg,True
image_5614_A.jpg,image_5614_A_wbl2_r50_91.png,image_5614_B.jpg,True
image_91_A.jpg,image_91_A_wbl2_r50_99.png,image_91_B.jpg,True
image_3872_A.jpg,image_3872_A_wbl2_r50_49.png,image_3872_B.jpg,True
image_707_A.jpg,image_707_A_wbl2_r50_93.png,image_707_B.jpg,True
image_5497_A.jpg,image_5497_A_wbl2_r50_49.png,image_5497_B.jpg,True
image_176_A.jpg,image_176_A_wbl2_r50_61.png,image_176_B.jpg,True
image_2095_A.jpg,image_2095_A_wbl2_r50_79.png,image_2095_B.jpg,True
image_1262_A.jpg,image_1262_A_wbl2_r50_65.png,image_1262_B.jpg,True
image_4413_A.jpg,image_4413_A_wbl2_r50_97.png,image_4413_B.jpg,True
image_1883_A.jpg,image_1883_A_wbl2_r50_55.png,image_1883_B.jpg,True
image_5519_A.jpg,image_5519_A_wbl2_r50_43.png,image_5519_B.jpg,True
image_5590_A.jpg,image_5590_A_wbl2_r50_61.png,image_5590_B.jpg,True
image_1301_A.jpg,image_1301_A_wbl2_r50_75.png,image_1301_B.jpg,True
image_1250_A.jpg,image_1250_A_wbl2_r50_93.png,image_1250_B.jpg,True
image_4303_A.jpg,image_4303_A_wbl2_r50_73.png,image_4303_B.jpg,True
image_4375_A.jpg,image_4375_A_wbl2_r50_45.png,image_4375_B.jpg,True
image_1485_A.jpg,image_1485_A_wbl2_r50_87.png,image_1485_B.jpg,True
image_3736_A.jpg,image_3736_A_wbl2_r50_99.png,image_3736_B.jpg,True
image_772_A.jpg,image_772_A_wbl2_r50_91.png,image_772_B.jpg,True
image_5494_A.jpg,image_5494_A_wbl2_r50_47.png,image_5494_B.jpg,True
image_871_A.jpg,image_871_A_wbl2_r50_37.png,image_871_B.jpg,True
image_3682_A.jpg,image_3682_A_wbl2_r50_37.png,image_3682_B.jpg,True
image_1332_A.jpg,image_1332_A_wbl2_r50_65.png,image_1332_B.jpg,True
image_135_A.jpg,image_135_A_wbl2_r50_79.png,image_135_B.jpg,True
image_4324_A.jpg,image_4324_A_wbl2_r50_47.png,image_4324_B.jpg,True
image_1292_A.jpg,image_1292_A_wbl2_r50_63.png,image_1292_B.jpg,True
image_4827_A.jpg,image_4827_A_wbl2_r50_89.png,image_4827_B.jpg,True
image_5512_A.jpg,image_5512_A_wbl2_r50_99.png,image_5512_B.jpg,True
image_5588_A.jpg,image_5588_A_wbl2_r50_85.png,image_5588_B.jpg,True
image_623_A.jpg,image_623_A_wbl2_r50_61.png,image_623_B.jpg,True
image_835_A.jpg,image_835_A_wbl2_r50_73.png,image_835_B.jpg,True
image_1233_A.jpg,image_1233_A_wbl2_r50_93.png,image_1233_B.jpg,True
image_3296_A.jpg,image_3296_A_wbl2_r50_41.png,image_3296_B.jpg,True
image_186_A.jpg,image_186_A_wbl2_r50_53.png,image_186_B.jpg,True
image_5449_A.jpg,image_5449_A_wbl2_r50_75.png,image_5449_B.jpg,True
image_3077_A.jpg,image_3077_A_wbl2_r50_55.png,image_3077_B.jpg,True
image_5648_A.jpg,image_5648_A_wbl2_r50_47.png,image_5648_B.jpg,True
image_1964_A.jpg,image_1964_A_wbl2_r50_37.png,image_1964_B.jpg,True
image_5447_A.jpg,image_5447_A_wbl2_r50_93.png,image_5447_B.jpg,True
image_603_A.jpg,image_603_A_wbl2_r50_99.png,image_603_B.jpg,True
image_2627_A.jpg,image_2627_A_wbl2_r50_53.png,image_2627_B.jpg,True
image_144_A.jpg,image_144_A_wbl2_r50_77.png,image_144_B.jpg,True
image_3677_A.jpg,image_3677_A_wbl2_r50_51.png,image_3677_B.jpg,True
image_1832_A.jpg,image_1832_A_wbl2_r50_95.png,image_1832_B.jpg,True
image_2673_A.jpg,image_2673_A_wbl2_r50_63.png,image_2673_B.jpg,True
image_1893_A.jpg,image_1893_A_wbl2_r50_75.png,image_1893_B.jpg,True
image_1243_A.jpg,image_1243_A_wbl2_r50_93.png,image_1243_B.jpg,True
image_2562_A.jpg,image_2562_A_wbl2_r50_59.png,image_2562_B.jpg,True
image_4354_A.jpg,image_4354_A_wbl2_r50_71.png,image_4354_B.jpg,True
image_3152_A.jpg,image_3152_A_wbl2_r50_99.png,image_3152_B.jpg,True
image_1241_A.jpg,image_1241_A_wbl2_r50_59.png,image_1241_B.jpg,True
image_5066_A.jpg,image_5066_A_wbl2_r50_71.png,image_5066_B.jpg,True
image_2532_A.jpg,image_2532_A_wbl2_r50_37.png,image_2532_B.jpg,True
image_725_A.jpg,image_725_A_wbl2_r50_99.png,image_725_B.jpg,True
image_1935_A.jpg,image_1935_A_wbl2_r50_99.png,image_1935_B.jpg,True
image_5056_A.jpg,image_5056_A_wbl2_r50_89.png,image_5056_B.jpg,True
image_5641_A.jpg,image_5641_A_wbl2_r50_81.png,image_5641_B.jpg,True
image_2464_A.jpg,image_2464_A_wbl2_r50_37.png,image_2464_B.jpg,True
image_1889_A.jpg,image_1889_A_wbl2_r50_65.png,image_1889_B.jpg,True
image_271_A.jpg,image_271_A_wbl2_r50_99.png,image_271_B.jpg,True
image_3213_A.jpg,image_3213_A_wbl2_r50_91.png,image_3213_B.jpg,True
image_4267_A.jpg,image_4267_A_wbl2_r50_39.png,image_4267_B.jpg,True
image_5007_A.jpg,image_5007_A_wbl2_r50_41.png,image_5007_B.jpg,True
image_4434_A.jpg,image_4434_A_wbl2_r50_89.png,image_4434_B.jpg,True
image_5511_A.jpg,image_5511_A_wbl2_r50_77.png,image_5511_B.jpg,True
image_5482_A.jpg,image_5482_A_wbl2_r50_67.png,image_5482_B.jpg,True
image_739_A.jpg,image_739_A_wbl2_r50_63.png,image_739_B.jpg,True
image_5464_A.jpg,image_5464_A_wbl2_r50_93.png,image_5464_B.jpg,True
image_3783_A.jpg,image_3783_A_wbl2_r50_69.png,image_3783_B.jpg,True
image_82_A.jpg,image_82_A_wbl2_r50_57.png,image_82_B.jpg,True
image_3008_A.jpg,image_3008_A_wbl2_r50_65.png,image_3008_B.jpg,True
image_5073_A.jpg,image_5073_A_wbl2_r50_67.png,image_5073_B.jpg,True
image_257_A.jpg,image_257_A_wbl2_r50_39.png,image_257_B.jpg,True
image_5502_A.jpg,image_5502_A_wbl2_r50_45.png,image_5502_B.jpg,True
image_4469_A.jpg,image_4469_A_wbl2_r50_45.png,image_4469_B.jpg,True
image_2610_A.jpg,image_2610_A_wbl2_r50_99.png,image_2610_B.jpg,True
image_2420_A.jpg,image_2420_A_wbl2_r50_47.png,image_2420_B.jpg,True
image_2448_A.jpg,image_2448_A_wbl2_r50_77.png,image_2448_B.jpg,True
image_663_A.jpg,image_663_A_wbl2_r50_59.png,image_663_B.jpg,True
image_3882_A.jpg,image_3882_A_wbl2_r50_67.png,image_3882_B.jpg,True
image_4990_A.jpg,image_4990_A_wbl2_r50_59.png,image_4990_B.jpg,True
image_111_A.jpg,image_111_A_wbl2_r50_51.png,image_111_B.jpg,True
image_4238_A.jpg,image_4238_A_wbl2_r50_51.png,image_4238_B.jpg,True
image_3767_A.jpg,image_3767_A_wbl2_r50_87.png,image_3767_B.jpg,True
image_155_A.jpg,image_155_A_wbl2_r50_63.png,image_155_B.jpg,True
image_3298_A.jpg,image_3298_A_wbl2_r50_55.png,image_3298_B.jpg,True
image_1807_A.jpg,image_1807_A_wbl2_r50_55.png,image_1807_B.jpg,True
image_2572_A.jpg,image_2572_A_wbl2_r50_39.png,image_2572_B.jpg,True
image_2559_A.jpg,image_2559_A_wbl2_r50_73.png,image_2559_B.jpg,True
image_5097_A.jpg,image_5097_A_wbl2_r50_65.png,image_5097_B.jpg,True
image_5631_A.jpg,image_5631_A_wbl2_r50_99.png,image_5631_B.jpg,True
image_5454_A.jpg,image_5454_A_wbl2_r50_79.png,image_5454_B.jpg,True
image_3614_A.jpg,image_3614_A_wbl2_r50_53.png,image_3614_B.jpg,True
image_245_A.jpg,image_245_A_wbl2_r50_67.png,image_245_B.jpg,True
image_179_A.jpg,image_179_A_wbl2_r50_61.png,image_179_B.jpg,True
image_2445_A.jpg,image_2445_A_wbl2_r50_73.png,image_2445_B.jpg,True
image_690_A.jpg,image_690_A_wbl2_r50_69.png,image_690_B.jpg,True
image_2093_A.jpg,image_2093_A_wbl2_r50_97.png,image_2093_B.jpg,True
image_3240_A.jpg,image_3240_A_wbl2_r50_45.png,image_3240_B.jpg,True
image_2585_A.jpg,image_2585_A_wbl2_r50_97.png,image_2585_B.jpg,True
image_2055_A.jpg,image_2055_A_wbl2_r50_95.png,image_2055_B.jpg,True
image_3608_A.jpg,image_3608_A_wbl2_r50_49.png,image_3608_B.jpg,True
image_1264_A.jpg,image_1264_A_wbl2_r50_61.png,image_1264_B.jpg,True
image_5576_A.jpg,image_5576_A_wbl2_r50_95.png,image_5576_B.jpg,True
image_765_A.jpg,image_765_A_wbl2_r50_97.png,image_765_B.jpg,True
image_5586_A.jpg,image_5586_A_wbl2_r50_39.png,image_5586_B.jpg,True
image_170_A.jpg,image_170_A_wbl2_r50_75.png,image_170_B.jpg,True
image_2663_A.jpg,image_2663_A_wbl2_r50_87.png,image_2663_B.jpg,True
image_117_A.jpg,image_117_A_wbl2_r50_63.png,image_117_B.jpg,True
image_5070_A.jpg,image_5070_A_wbl2_r50_67.png,image_5070_B.jpg,True
image_2692_A.jpg,image_2692_A_wbl2_r50_49.png,image_2692_B.jpg,True
image_4443_A.jpg,image_4443_A_wbl2_r50_49.png,image_4443_B.jpg,True
image_3006_A.jpg,image_3006_A_wbl2_r50_47.png,image_3006_B.jpg,True
image_3031_A.jpg,image_3031_A_wbl2_r50_43.png,image_3031_B.jpg,True
image_1892_A.jpg,image_1892_A_wbl2_r50_71.png,image_1892_B.jpg,True
image_2649_A.jpg,image_2649_A_wbl2_r50_93.png,image_2649_B.jpg,True
image_1911_A.jpg,image_1911_A_wbl2_r50_83.png,image_1911_B.jpg,True
image_293_A.jpg,image_293_A_wbl2_r50_51.png,image_293_B.jpg,True
image_4449_A.jpg,image_4449_A_wbl2_r50_57.png,image_4449_B.jpg,True
image_5652_A.jpg,image_5652_A_wbl2_r50_37.png,image_5652_B.jpg,True
image_3201_A.jpg,image_3201_A_wbl2_r50_95.png,image_3201_B.jpg,True
image_4441_A.jpg,image_4441_A_wbl2_r50_37.png,image_4441_B.jpg,True
image_5664_A.jpg,image_5664_A_wbl2_r50_35.png,image_5664_B.jpg,True
image_4328_A.jpg,image_4328_A_wbl2_r50_75.png,image_4328_B.jpg,True
image_5020_A.jpg,image_5020_A_wbl2_r50_53.png,image_5020_B.jpg,True
image_4931_A.jpg,image_4931_A_wbl2_r50_65.png,image_4931_B.jpg,True
image_2688_A.jpg,image_2688_A_wbl2_r50_47.png,image_2688_B.jpg,True
image_1476_A.jpg,image_1476_A_wbl2_r50_91.png,image_1476_B.jpg,True
image_4304_A.jpg,image_4304_A_wbl2_r50_87.png,image_4304_B.jpg,True
image_1351_A.jpg,image_1351_A_wbl2_r50_47.png,image_1351_B.jpg,True
image_4249_A.jpg,image_4249_A_wbl2_r50_39.png,image_4249_B.jpg,True
image_5031_A.jpg,image_5031_A_wbl2_r50_51.png,image_5031_B.jpg,True
image_1926_A.jpg,image_1926_A_wbl2_r50_97.png,image_1926_B.jpg,True
image_1249_A.jpg,image_1249_A_wbl2_r50_55.png,image_1249_B.jpg,True
image_5084_A.jpg,image_5084_A_wbl2_r50_73.png,image_5084_B.jpg,True
image_276_A.jpg,image_276_A_wbl2_r50_37.png,image_276_B.jpg,True
image_850_A.jpg,image_850_A_wbl2_r50_73.png,image_850_B.jpg,True
image_4902_A.jpg,image_4902_A_wbl2_r50_85.png,image_4902_B.jpg,True
image_1309_A.jpg,image_1309_A_wbl2_r50_75.png,image_1309_B.jpg,True
image_5420_A.jpg,image_5420_A_wbl2_r50_63.png,image_5420_B.jpg,True
image_92_A.jpg,image_92_A_wbl2_r50_97.png,image_92_B.jpg,True
image_1208_A.jpg,image_1208_A_wbl2_r50_91.png,image_1208_B.jpg,True
image_2411_A.jpg,image_2411_A_wbl2_r50_65.png,image_2411_B.jpg,True
image_4851_A.jpg,image_4851_A_wbl2_r50_71.png,image_4851_B.jpg,True
image_1270_A.jpg,image_1270_A_wbl2_r50_75.png,image_1270_B.jpg,True
image_837_A.jpg,image_837_A_wbl2_r50_87.png,image_837_B.jpg,True
image_5548_A.jpg,image_5548_A_wbl2_r50_47.png,image_5548_B.jpg,True
image_661_A.jpg,image_661_A_wbl2_r50_75.png,image_661_B.jpg,True
image_2020_A.jpg,image_2020_A_wbl2_r50_89.png,image_2020_B.jpg,True
image_297_A.jpg,image_297_A_wbl2_r50_95.png,image_297_B.jpg,True
image_3056_A.jpg,image_3056_A_wbl2_r50_51.png,image_3056_B.jpg,True
image_289_A.jpg,image_289_A_wbl2_r50_79.png,image_289_B.jpg,True
image_1469_A.jpg,image_1469_A_wbl2_r50_47.png,image_1469_B.jpg,True
image_2470_A.jpg,image_2470_A_wbl2_r50_93.png,image_2470_B.jpg,True
image_3246_A.jpg,image_3246_A_wbl2_r50_89.png,image_3246_B.jpg,True
image_130_A.jpg,image_130_A_wbl2_r50_45.png,image_130_B.jpg,True
image_1450_A.jpg,image_1450_A_wbl2_r50_67.png,image_1450_B.jpg,True
image_2057_A.jpg,image_2057_A_wbl2_r50_51.png,image_2057_B.jpg,True
image_103_A.jpg,image_103_A_wbl2_r50_41.png,image_103_B.jpg,True
image_2040_A.jpg,image_2040_A_wbl2_r50_91.png,image_2040_B.jpg,True
image_3856_A.jpg,image_3856_A_wbl2_r50_99.png,image_3856_B.jpg,True
image_4900_A.jpg,image_4900_A_wbl2_r50_39.png,image_4900_B.jpg,True
image_2071_A.jpg,image_2071_A_wbl2_r50_45.png,image_2071_B.jpg,True
image_4214_A.jpg,image_4214_A_wbl2_r50_41.png,image_4214_B.jpg,True
image_3626_A.jpg,image_3626_A_wbl2_r50_47.png,image_3626_B.jpg,True
image_2634_A.jpg,image_2634_A_wbl2_r50_59.png,image_2634_B.jpg,True
image_844_A.jpg,image_844_A_wbl2_r50_99.png,image_844_B.jpg,True
image_816_A.jpg,image_816_A_wbl2_r50_93.png,image_816_B.jpg,True
image_3655_A.jpg,image_3655_A_wbl2_r50_49.png,image_3655_B.jpg,True
image_3110_A.jpg,image_3110_A_wbl2_r50_65.png,image_3110_B.jpg,True
image_3102_A.jpg,image_3102_A_wbl2_r50_65.png,image_3102_B.jpg,True
image_2499_A.jpg,image_2499_A_wbl2_r50_81.png,image_2499_B.jpg,True
image_2648_A.jpg,image_2648_A_wbl2_r50_87.png,image_2648_B.jpg,True
image_5679_A.jpg,image_5679_A_wbl2_r50_53.png,image_5679_B.jpg,True
image_1227_A.jpg,image_1227_A_wbl2_r50_53.png,image_1227_B.jpg,True
image_6_A.jpg,image_6_A_wbl2_r50_33.png,image_6_B.jpg,True
image_193_A.jpg,image_193_A_wbl2_r50_97.png,image_193_B.jpg,True
image_5551_A.jpg,image_5551_A_wbl2_r50_41.png,image_5551_B.jpg,True
image_5607_A.jpg,image_5607_A_wbl2_r50_99.png,image_5607_B.jpg,True
image_3038_A.jpg,image_3038_A_wbl2_r50_53.png,image_3038_B.jpg,True
image_4212_A.jpg,image_4212_A_wbl2_r50_61.png,image_4212_B.jpg,True
image_2438_A.jpg,image_2438_A_wbl2_r50_79.png,image_2438_B.jpg,True
image_3773_A.jpg,image_3773_A_wbl2_r50_57.png,image_3773_B.jpg,True
image_3251_A.jpg,image_3251_A_wbl2_r50_49.png,image_3251_B.jpg,True
image_5596_A.jpg,image_5596_A_wbl2_r50_81.png,image_5596_B.jpg,True
image_5010_A.jpg,image_5010_A_wbl2_r50_73.png,image_5010_B.jpg,True
image_1939_A.jpg,image_1939_A_wbl2_r50_99.png,image_1939_B.jpg,True
image_2437_A.jpg,image_2437_A_wbl2_r50_51.png,image_2437_B.jpg,True
image_3678_A.jpg,image_3678_A_wbl2_r50_61.png,image_3678_B.jpg,True
image_54_A.jpg,image_54_A_wbl2_r50_45.png,image_54_B.jpg,True
image_693_A.jpg,image_693_A_wbl2_r50_95.png,image_693_B.jpg,True
image_2465_A.jpg,image_2465_A_wbl2_r50_97.png,image_2465_B.jpg,True
image_3641_A.jpg,image_3641_A_wbl2_r50_99.png,image_3641_B.jpg,True
image_2474_A.jpg,image_2474_A_wbl2_r50_61.png,image_2474_B.jpg,True
image_4467_A.jpg,image_4467_A_wbl2_r50_47.png,image_4467_B.jpg,True
image_751_A.jpg,image_751_A_wbl2_r50_57.png,image_751_B.jpg,True
image_4988_A.jpg,image_4988_A_wbl2_r50_55.png,image_4988_B.jpg,True
image_4265_A.jpg,image_4265_A_wbl2_r50_99.png,image_4265_B.jpg,True
image_1286_A.jpg,image_1286_A_wbl2_r50_99.png,image_1286_B.jpg,True
image_4320_A.jpg,image_4320_A_wbl2_r50_97.png,image_4320_B.jpg,True
image_1445_A.jpg,image_1445_A_wbl2_r50_43.png,image_1445_B.jpg,True
image_2_A.jpg,image_2_A_wbl2_r50_45.png,image_2_B.jpg,True
image_4446_A.jpg,image_4446_A_wbl2_r50_79.png,image_4446_B.jpg,True
image_3714_A.jpg,image_3714_A_wbl2_r50_55.png,image_3714_B.jpg,True
image_84_A.jpg,image_84_A_wbl2_r50_97.png,image_84_B.jpg,True
image_872_A.jpg,image_872_A_wbl2_r50_43.png,image_872_B.jpg,True
image_4968_A.jpg,image_4968_A_wbl2_r50_41.png,image_4968_B.jpg,True
image_2046_A.jpg,image_2046_A_wbl2_r50_75.png,image_2046_B.jpg,True
image_2489_A.jpg,image_2489_A_wbl2_r50_99.png,image_2489_B.jpg,True
image_602_A.jpg,image_602_A_wbl2_r50_57.png,image_602_B.jpg,True
image_757_A.jpg,image_757_A_wbl2_r50_47.png,image_757_B.jpg,True
image_5499_A.jpg,image_5499_A_wbl2_r50_99.png,image_5499_B.jpg,True
image_3297_A.jpg,image_3297_A_wbl2_r50_47.png,image_3297_B.jpg,True
image_3728_A.jpg,image_3728_A_wbl2_r50_41.png,image_3728_B.jpg,True
image_742_A.jpg,image_742_A_wbl2_r50_53.png,image_742_B.jpg,True
image_4972_A.jpg,image_4972_A_wbl2_r50_51.png,image_4972_B.jpg,True
image_3239_A.jpg,image_3239_A_wbl2_r50_61.png,image_3239_B.jpg,True
image_762_A.jpg,image_762_A_wbl2_r50_45.png,image_762_B.jpg,True
image_3605_A.jpg,image_3605_A_wbl2_r50_35.png,image_3605_B.jpg,True
image_1377_A.jpg,image_1377_A_wbl2_r50_55.png,image_1377_B.jpg,True
image_4817_A.jpg,image_4817_A_wbl2_r50_51.png,image_4817_B.jpg,True
image_37_A.jpg,image_37_A_wbl2_r50_79.png,image_37_B.jpg,True
image_878_A.jpg,image_878_A_wbl2_r50_51.png,image_878_B.jpg,True
image_687_A.jpg,image_687_A_wbl2_r50_55.png,image_687_B.jpg,True
image_3092_A.jpg,image_3092_A_wbl2_r50_39.png,image_3092_B.jpg,True
image_5466_A.jpg,image_5466_A_wbl2_r50_99.png,image_5466_B.jpg,True
image_695_A.jpg,image_695_A_wbl2_r50_99.png,image_695_B.jpg,True
image_3066_A.jpg,image_3066_A_wbl2_r50_59.png,image_3066_B.jpg,True
